"","Assigned To","RESOLVED MERCHANT NAME","Confidence Level
(Resolved = 3
Unsure = 2
Can"t Resolve = 1)","Category (Flag = 1 if category is wrong )","MERCHANT NAME FOR GOOGLE SEARCH","num_tansactions","higest_amount","Original Transaction Descriptor (Use this field for reference)","lowest_amount","lowest_amount_descriptor","Category","other_information","Remarks, if any (Please input the category name for wrong categories i.e. Flag = 1 OR any other info you want to share)","Notes"
"33375","DC","","","","GRAETERS","325","47.8","GRAETERS60               NORTHBROOK   IL","0.8","GRAETERS76               INDIANAPOLIS IN","{"Fast Food": 325}","{"DOORDASH": 19}","",""
"33316","DC","","","","Gameloft Inc","325","108","GOOGLE *Gameloft Inc     g.co/helppay#CA","1.8","GOOGLE *Gameloft Inc     g.co/helppay#CA","{"Electronics & Software": 325}","{"GOOGLE": 325}","",""
"31609","DC","","","","FANTASY PHOTO BOOTH","325","10","USA*FANTASY PHOTO BOOTH KSEATTLE      WA","-5","USA*FANTASY PHOTO BOOTH KTAUNTON      MA","{"Entertainment": 325}","{"USA": 325}","",""
"24374","DC","","","","DPTV Detroit PBS","325","600","DPTV Detroit PBS         248-3053900  MI","-20.4","DPTV Detroit PBS         248-3053900  MI","{"Gifts & Donations": 325}","","",""
"31390","DC","","","","CMCO","325","53.6","CMCO - ATCC              DES MOINES   IA","0.5","CMCO - STRATTON          SPRINGFIELD  IL","{"Fast Food": 325}","","",""
"31368","DC","","","","CINFIN-LIFE-INSURANCE","325","985","CINFIN-LIFE-INSURANCE    888-242-0888 OH","8.6","CINFIN-LIFE-INSURANCE    888-242-0888 OH","{"Financial": 325}","","",""
"69303","DC","","","","CARSONJAMES.COM","325","97","CARSONJAMES.COM          386-249-9561 FL","-24.9","CARSONJAMES.COM          386-2499561  FL","{"Business Services": 325}","","",""
"31393","DC","","","","BOSTONS RESTAURANT","325","128.5","BOSTONS RESTAURANT       COON RAPIDS  MN","-55.3","BOSTONS RESTAURANT       COON RAPIDS  MN","{"Restaurants": 325}","","",""
"31711","DC","","","","ATT CONNECTECH","325","134.2","ATT*CONNECTECH           800-288-2020 TX","9.9","ATT*CONNECTECH           800-288-2020 TX","{"Home Phone": 325}","","",""
"31719","DC","","","","ASHLEYFURNITUREHOMESTO","325","978.9","ASHLEYFURNITUREHOMESTO   866-4363393  WI","-320.9","ASHLEYFURNITUREHOMESTO   866-4363393  WI","{"Furnishings": 325}","","",""
"31364","DC","","","","ARTEZA.COM","325","209.2","SP * ARTEZA.COM          HTTPSARTEZACOFL","-57.9","SP * ARTEZA.COM          800-989-0649 FL","{"Electronics & Software": 325}","{"SP": 325}","",""
"34596","DC","","","","UNITED CLUB","324","87","UNITED CLUB IA20085726   STERLING     VA","1","UNITED CLUB OR20084877   CHICAGO      IL","{"Fast Food": 324}","","",""
"31484","DC","","","","TIREBUYER.COM","324","998.8","TIREBUYER.COM            866-961-8668 NC","-912.4","TIREBUYER.COM            HUNTERSVILLE NC","{"Auto & Transport": 324}","","",""
"31506","DC","","","","THE BRIDGEPORT & PORT","324","800","THE BRIDGEPORT & PORT    PORT JEFFERSONY","-24","THE BRIDGEPORT & PORT    PORT JEFFERSONY","{"Travel": 324}","","",""
"31565","DC","","","","STITCHFIX-GIFTCARDS","324","500","STITCHFIX-GIFTCARDS      844-386-3850 CA","-250","STITCHFIX-GIFTCARDS      844-386-3850 CA","{"Clothing": 324}","","",""
"31437","DC","","","","SDBOR","324","988","SDBOR - ECAP             333-3333333  SD","-20","SDBOR - TUITION          605-6776794  SD","{"Education": 324}","{"SDEPAY": 5, "ECAP": 211, "TUITION": 108}","",""
"31448","DC","","","","REG NURSING","324","799","REG NURSING              916-3223350  CA","60","REG NURSING              916-3223350  CA","{"Uncategorized": 324}","","",""
"31850","DC","","","","PROMAXSUPPL","324","334.3","PAYPAL *PROMAXSUPPL      402-935-7733 CA","-77.7","PAYPAL *PROMAXSUPPL      402-935-7733 CA","{"Home": 324}","{"PAYPAL": 274, "PAYPAL EBAY": 50}","",""
"19519","DC","","","","PLAZA PHARMACY","324","767.2","PLAZA PHARMACY           ABERDEEN     SD","-7.5","PLAZA PHARMACY           HONOLULU     HI","{"Pharmacy": 324}","","",""
"31460","DC","","","","NATHAN"S AS","324","43.4","NATHAN"S AS4 MCO         ORLANDO      FL","-5.5","NATHAN"S AS4 MCO         ORLANDO      FL","{"Fast Food": 324}","","",""
"31408","DC","","","","LIVEPLAN","324","139.9","LIVEPLAN                 800-229-7526 OR","-139.9","LIVEPLAN                 800-229-7526 OR","{"Electronics & Software": 324}","","",""
"31467","DC","","","","LIFESTYLE NUTRI","324","192.5","SQ *LIFESTYLE NUTRI      BISMARCK     ND","3.2","SQ *LIFESTYLE NUTRI      BISMARCK     ND","{"Groceries": 324}","{"SQ": 324}","",""
"36423","DC","","","","LAXPRESSST","324","90.5","LAXPRESSST1842           LOS ANGELES  CA","1.3","LAXPRESSST1842           LOS ANGELES  CA","{"Electronics & Software": 324}","","",""
"31697","DC","","","","KIPLINGER EDITORS","324","235","KWE*KIPLINGER EDITORS    800-544-0155 DC","-59","KWE*KIPLINGER EDITORS    800-544-0155 DC","{"Shopping": 324}","","",""
"47507","DC","","","","KIMMES MANSON COUN","324","98.3","KIMMES MANSON COUN       MANSON       IA","1.2","KIMMES MANSON COUN       MANSON       IA","{"Gas": 324}","","",""
"31415","DC","","","","KENNYS STEAKHOUSE","324","613.9","KENNYS STEAKHOUSE        GREELEY      CO","3","KENNYS STEAKHOUSE        GREELEY      CO","{"Restaurants": 324}","","",""
"31500","DC","","","","GIFT PORT 2 NEWS","324","466.8","GIFT PORT 2 NEWS         SIOUX FALLS  SD","2","GIFT PORT 2 NEWS         SIOUX FALLS  SD","{"Groceries": 324}","","",""
"31414","DC","","","","DOUGLAS LODGE DINING HALL","324","234.6","DOUGLAS LODGE DINING HALLPARK RAPIDS  MN","2.5","DOUGLAS LODGE DINING HALLPARK RAPIDS  MN","{"Uncategorized": 324}","","",""
"41857","DC","","","","C MART","324","90.7","C MART                   PARK HILLS   MO","4.2","C MART 925               WEST POINT   MS","{"Gas": 324}","","",""
"31432","DC","","","","BESTFRIENDSANIMAL","324","500","BESTFRIENDSANIMAL        WWW.BESTFRIENUT","-25","BESTFRIENDSANIMAL        435-644-2001 UT","{"Gifts & Donations": 324}","{"PP": 8, "BB": 46}","",""
"31458","DC","","","","AVI ORLANDO REGIONAL HLTH","324","50","AVI ORLANDO REGIONAL HLTHORLANDO      FL","0.7","AVI ORLANDO REGIONAL HLTHORLANDO      FL","{"Fast Food": 324}","","",""
"31417","DC","","","","ARIA HERRINGBONE","324","920.1","ARIA HERRINGBONE         LAS VEGAS    NV","0.8","ARIA HERRINGBONE         LAS VEGAS    NV","{"Restaurants": 324}","","",""
"42352","DC","","","","WHITETAIL CROSSING NEKOO","323","891.5","WHITETAIL CROSSING NEKOO NEKOOSA      WI","1.9","WHITETAIL CROSSING NEKOO NEKOOSA      WI","{"Gas": 323}","","",""
"31661","DC","","","","W 8 TECH SA","323","239.8","W8TECH SA                7754504856   NV","-89.9","W8TECH SA                7754504856   NV","{"Entertainment": 323}","","",""
"31629","DC","","","","TRIBUNENEWSST","323","177.2","TRIBUNENEWSST2661        OAKLAND      CA","-34.9","TRIBUNENEWSST2661        OAKLAND      CA","{"Books": 323}","","",""
"31576","DC","","","","T S DISCOUNT LIQUOR III","323","122.7","T`S DISCOUNT LIQUOR III IBURNSVILLE   MN","-21.1","T`S DISCOUNT LIQUOR III IBURNSVILLE   MN","{"Shopping": 323}","","",""
"31603","DC","","","","SQUIRE INN LODGING","323","765.1","SQUIRE INN LODGING       GRAND CANYON AZ","-410.3","SQUIRE INN LODGING       GRAND CANYON AZ","{"Hotel": 323}","","",""
"31584","DC","","","","SERGIOS RESTRNT","323","172.4","SERGIOS RESTRNT-KENDALL  MIAMI        FL","1.1","SERGIOS RESTRNT-CORAL WY MIAMI        FL","{"Restaurants": 323}","","",""
"20185","DC","","","","QUALITY COMPANY","323","3.4","CMSVEND* QUALITY COMPANY TALLAHASSEE  FL","-1.8","CMSVEND* QUALITY COMPANY TALLAHASSEE  FL","{"Fast Food": 323}","{"CMSVEND": 323}","",""
"31627","DC","","","","NATIONAL WHOLESALE LIQUID","323","544.3","NATIONAL WHOLESALE LIQUIDBROOKLYN     NY","-87","NATIONAL WHOLESALE LIQUIDBROOKLYN     NY","{"Groceries": 323}","","",""
"31588","DC","","","","NACELLE","323","17.1","NACELLE       18203661   WICHITA      KS","0.9","NACELLE       18203661   WICHITA      KS","{"Fast Food": 323}","","",""
"31534","DC","","","","N . D ASIA","323","437.8","N.D ASIA                 MINOT        ND","7.4","N.D ASIA                 MINOT        ND","{"Restaurants": 323}","","",""
"31516","DC","","","","LAKEPOINTEGRILL","323","205.5","LAKEPOINTEGRILL          SPRINGFIELD  IL","4.1","LAKEPOINTEGRILL          SPRINGFIELD  IL","{"Restaurants": 323}","","",""
"31526","DC","","","","INSURANCE PREMIUM","323","974","INSURANCE PREMIUM        800-247-2266 IA","-459.3","INSURANCE PREMIUM        URBANDALE    IA","{"Financial": 323}","","",""
"31572","DC","","","","INLINE WAREHOUSE","323","858.5","INLINE WAREHOUSE         8055435154   CA","-299.9","INLINE WAREHOUSE         805-543-5154 CA","{"Clothing": 323}","","",""
"31585","DC","","","","HOLLAND LOT","323","20","64074 - HOLLAND LOT      OMAHA        NE","2","64074 - HOLLAND LOT      OMAHA        NE","{"Parking": 323}","","",""
"31590","DC","","","","H & I NUTRITION TRIPOS","323","409.2","H & I NUTRITION TRIPOS - FARGO        ND","-32.2","H & I NUTRITION TRIPOS - FARGO        ND","{"Groceries": 323}","","",""
"21118","DC","","","","FEDEX CDO","323","140.1","FEDEX CDO 780661651620   MEMPHIS      TN","3.2","FEDEX CDO 780661651620   MEMPHIS      TN","{"Shipping": 323}","","",""
"31772","DC","","","","FABRIC COM","323","630.8","PAYPAL *FABRIC COM       402-935-7733 GA","-130.8","PAYPAL *FABRIC COM       770-792-8590 GA","{"Shopping": 323}","{"PAYPAL": 323}","",""
"31518","DC","","","","DDM 83 SUPERMARKET","323","512.5","DDM 83 SUPERMARKET       MEDINA       OH","1.1","DDM 83 SUPERMARKET       MEDINA       OH","{"Groceries": 323}","","",""
"157298","DC","","","","CENTRAL","323","766.7","CENTRAL ARIZONA BLOCK    TUCSON       AZ","-150","CENTRAL WASHINGTON MGMT  QUINCY       WA","{"Service & Parts": 323}","{"PAYPAL": 2, "IN": 1, "TICKET OFFICE": 6, "BILLING OFFICE": 76, "CMSVEND": 10, "SQ": 1}","",""
"35490","DC","","","","CASH DEPOT VEN","323","1.5","USA*USA*CASH DEPOT VEN   CORPUS CHRISTTX","1.5","USA*USA*CASH DEPOT VEN   CORPUS CHRISTTX","{"Service & Parts": 323}","{"USA USA": 323}","",""
"42284","DC","","","","CALIFORNIA MARKET","323","266.6","CALIFORNIA MARKET        CALIFORNIA   KY","1","CALIFORNIA MARKET        CALIFORNIA   KY","{"Groceries": 323}","","",""
"31583","DC","","","","BKST B & N MINN-ST-U","323","611.6","BKST B&N MINN-ST-U #3730 MANKATO      MN","-234.8","BKST B&N MINN-ST-U #3730 MANKATO      MN","{"Books": 323}","","",""
"31550","DC","","","","AMANA MEATS","323","325.9","AMANA MEATS-AMANA SHOPS  319-6227580  IA","17.9","AMANA MEATS-AMANA SHOPS  319-6227580  IA","{"Shopping": 323}","","",""
"31529","DC","","","","AAFINC","323","335.1","SP * AAFINC              AMERICANASFCKMD","-59.9","SP * AAFINC              619-752-4279 MD","{"Clothing": 323}","{"SP": 323}","",""
"25938","DC","","","","WWWSCANGUARD.COM","322","148","WWW*SCANGUARD.COM        8443046775","-99","WWW*SCANGUARD.COM        8443046775","{"Shopping": 322}","","",""
"34470","DC","","","","THE STANDARD MARKE","322","455.1","THE STANDARD MARKE       WESTMONT     IL","0.8","THE STANDARD MARKE       WESTMONT     IL","{"Groceries": 322}","","",""
"31632","DC","","","","THE SMITH MIDTOWN","322","497.8","THE SMITH  MIDTOWN       NEW YORK     NY","10.7","THE SMITH  MIDTOWN       NEW YORK     NY","{"Restaurants": 322}","","",""
"17931","DC","","","","THE ROADHOUSE","322","503","THE ROADHOUSE            LENGBY       MN","2.4","THE ROADHOUSE            RIVERHEAD    NY","{"Restaurants": 322}","{"TST": 5}","",""
"22573","DC","","","","THE FORUM RESTAURANT","322","176.5","THE FORUM RESTAURANT     GREENFIELD   WI","2.5","THE FORUM RESTAURANT     GREENFIELD   WI","{"Restaurants": 322}","","",""
"31666","DC","","","","THE CART","322","75","THE CART                 FORT COLLINS CO","1.3","THE CART                 FORT COLLINS CO","{"Fast Food": 322}","{"SQ SQ": 1}","",""
"31605","DC","","","","TEDS MOWER","322","803.5","TEDS MOWER               OMAHA        NE","-200","TEDS MOWER               OMAHA        NE","{"Shopping": 322}","","",""
"26257","DC","","","","ROCCOS","322","362.1","ROCCOS - OMAHA           OMAHA        NE","3","ROCCOS - OMAHA           OMAHA        NE","{"Restaurants": 322}","","",""
"31680","DC","","","","PRIMARK DWNTWN CROSSING","322","319.8","PRIMARK DWNTWN CROSSING  BOSTON       MA","-62.5","PRIMARK DWNTWN CROSSING  BOSTON       MA","{"Clothing": 322}","","",""
"37809","DC","","","","PAYU TR","322","750","PAYU TR*FENERBAHCE       ISTANBUL","-266.6","PAYU TR*MODANISA.COM     ISTANBUL","{"Clothing": 322}","{"GIBRILANDGABRIELL": 1, "FENERBAHCE": 5, "E": 9, "faturaodemelis": 2}","",""
"31710","DC","","","","PALMS BBQ","322","757","PALMS BBQ                LAS VEGAS    NV","-21.6","PALMS BBQ                LAS VEGAS    NV","{"Restaurants": 322}","","",""
"31679","DC","","","","OLIVIA LIQUOR STORE","322","147.5","OLIVIA LIQUOR STORE      OLIVIA       MN","2","OLIVIA LIQUOR STORE      OLIVIA       MN","{"Uncategorized": 322}","","",""
"31239","DC","","","","Nike Cabazon","322","479.3","Nike Cabazon 038         Cabazon      CA","-280","Nike Cabazon 038         Cabazon      CA","{"Clothing": 322}","","",""
"31708","DC","","","","NC COURT PAYMENTS","322","831.7","NC COURT PAYMENTS        EGOV.COM     KS","-244.3","NC COURT PAYMENTS        8888596183   KS","{"Uncategorized": 322}","","",""
"31654","DC","","","","METHOD JAPANESE KITCHE","322","607.1","METHOD JAPANESE KITCHE   NEW YORK     NY","11.7","METHOD JAPANESE KITCHE   NEW YORK     NY","{"Restaurants": 322}","","",""
"31674","DC","","","","MAY CLINIC PHARMACY EI","322","990.7","MAY CLINIC PHARMACY EI   ROCHESTER    MN","-568.4","MAY CLINIC PHARMACY EI   ROCHESTER    MN","{"Pharmacy": 322}","","",""
"31616","DC","","","","MATCHSTICK","322","374.3","TST* MATCHSTICK          STILLWATER   MN","7","TST* MATCHSTICK          STILLWATER   MN","{"Restaurants": 322}","{"TST": 322}","",""
"31681","DC","","","","LAX AIRP HOMEBOY CAFE","322","67.9","LAX AIRP HOMEBOY CAFE    LOS ANGELES  CA","3.2","LAX AIRP HOMEBOY CAFE    LOS ANGELES  CA","{"Fast Food": 322}","","",""
"31662","DC","","","","JAMS DODGE","322","241","JAMS DODGE               OMAHA        NE","8.7","JAMS DODGE               OMAHA        NE","{"Restaurants": 322}","","",""
"31685","DC","","","","ITO YOKADO","322","172.8","ITO YOKADO               CHIYODA-KU","1.9","ITO YOKADO               CHIYODA-KU","{"Groceries": 322}","","",""
"31688","DC","","","","INSPIREUPLI","322","379.6","PAYPAL *INSPIREUPLI      4029357733   FL","-99.9","PAYPAL *INSPIREUPLI      402-935-7733 FL","{"Shopping": 322}","{"PAYPAL": 322}","",""
"31606","DC","","","","DX ENGINEERING","322","956.2","DX ENGINEERING 8000      800-777-0703 OH","-771.6","DX ENGINEERING 8000      TALLMADGE    OH","{"Home": 322}","","",""
"30037","DC","","","","DUBAI DUTY FREE","322","998.9","DUBAI DUTY FREE          DUBAI","0.5","DUBAI DUTY FREE          DUBAI","{"Shopping": 322}","{"GIFT": 1}","",""
"32303","DC","","","","DOGS NATURALLY MAGAZINE","322","274.6","DOGS NATURALLY MAGAZINE  877-6651290  ON","-72.4","DOGS NATURALLY MAGAZINE  BEETON       ON","{"Shopping": 322}","","",""
"28474","DC","","","","COLLEGE CAFE","322","34.9","DOORDASH*COLLEGE CAFE    WWW.DOORDASH.CA","1.4","COLLEGE CAFE             BRONX        NY","{"Restaurants": 322}","{"DOORDASH": 1}","",""
"31668","DC","","","","CHI NATIONAL HOMECARE","322","846.3","CHI NATIONAL HOMECARE    513-576-3384 OH","-54.5","CHI NATIONAL HOMECARE    AKRON        OH","{"Doctor": 322}","","",""
"31651","DC","","","","CARNIVAL MAGICSAIL & SGN","322","999.7","CARNIVAL MAGICSAIL&SGN   MIAMI        FL","1","CARNIVAL MAGICSAIL&SGN130MIAMI        FL","{"Travel": 322}","","",""
"31658","DC","","","","CARGO EXPRESS","322","230","CARGO EXPRESS            SUTHERLAND   IA","2.1","CARGO EXPRESS            SUTHERLAND   IA","{"Gas": 322}","","",""
"31805","DC","","","","BWFH FAULKNER PARKING","322","32","BWFH FAULKNER PARKING    JAMAICA PLAINMA","3","BWFH FAULKNER PARKING    JAMAICA PLAINMA","{"Parking": 322}","","",""
"42087","DC","","","","BOSWELL MGS","322","75","BOSWELL MGS 225          BOSWELL      PA","0.1","BOSWELL MGS 225          BOSWELL      PA","{"Gas": 322}","","",""
"31672","DC","","","","AFV-A . D . BROAD ST","322","9.9","AFV-A.D. BROAD ST.       COLUMBUS     OH","1","AFV-A.D. BROAD ST.       COLUMBUS     OH","{"Fast Food": 322}","","",""
"31621","DC","","","","AAA HI","322","353","AAA HI MBR RENEWAL - R   800-736-2886 CA","14","AAA HI MEMBERSHIP WEB    800-765-0766 CA","{"Gifts & Donations": 322}","{"MBR RENEWAL": 246, "MEMBERSHIP WEB": 76}","",""
"31620","DC","","","","91 LICK","322","137.8","91 LICK                  LAS VEGAS    NV","1.2","91 LICK                  LAS VEGAS    NV","{"Shopping": 322}","","",""
"31733","DC","","","","WILLIAMS-SONOMACATALOG","321","999.9","WILLIAMS-SONOMACATALOG   800-541-1262 CA","-855.9","WILLIAMS-SONOMACATALOG   800-541-1262 CA","{"Furnishings": 321}","","",""
"31787","DC","","","","VRBO HA","321","995.4","VRBO HA-KRGX10           6043152006","-776.5","VRBO HA-WPGGHD           5142360780   IRL","{"Mortgage & Rent": 321}","","",""
"31748","DC","","","","USCONNECT TMDRA VEND","321","3.5","USCONNECT TMDRA VEND 1   TUCSON       AZ","0.7","USCONNECT TMDRA VEND 1   TUCSON       AZ","{"Fast Food": 321}","","",""
"31770","DC","","","","THE WASH BARN INC","321","45","THE WASH BARN INC        BISMARCK     ND","5","THE WASH BARN INC        BISMARCK     ND","{"Service & Parts": 321}","","",""
"31845","DC","","","","THE FORKS MERCA","321","172","SQ *THE FORKS MERCA      LIVERMORE    CO","-10","SQ *THE FORKS MERCA      LIVERMORE    CO","{"Restaurants": 321}","{"SQ": 321}","",""
"31778","DC","","","","SHADYS","321","828.9","SHADYS                   JAMESTOWN    ND","5","SHADYS - ND              JAMESTOWN    ND","{"Restaurants": 321}","","",""
"31722","DC","","","","PRIMARK BURLINGTON","321","330.6","PRIMARK BURLINGTON       BURLINGTON   MA","-87","PRIMARK BURLINGTON       BURLINGTON   MA","{"Clothing": 321}","","",""
"31758","DC","","","","MY MANDARIN","321","55","MY MANDARIN              BROOKLYN     NY","0.6","MY MANDARIN 4368455585883BROOKLYN     NY","{"Groceries": 321}","","",""
"31726","DC","","","","MORRIS PIZZA RANCH","321","208","MORRIS PIZZA RANCH 5100  MORRIS       MN","2.8","MORRIS PIZZA RANCH 5100  MORRIS       MN","{"Restaurants": 321}","","",""
"31763","DC","","","","MDW HOME RUN INN","321","149.8","MDW HOME RUN INN 69011   CHICAGO      IL","2.7","MDW HOME RUN INN         CHICAGO      IL","{"Restaurants": 321}","","",""
"31727","DC","","","","MankatoClinicEndoscop","321","961.8","PHR*MankatoClinicEndoscopMankato      MN","3","PHR*MankatoClinicEndoscopMankato      MN","{"Doctor": 321}","{"PHR": 321}","",""
"24253","DC","","","","ILLY CAFFE","321","91.7","ILLY CAFFE               LAS VEGAS    NV","2.7","ILLY CAFFE               LONDON","{"Restaurants": 321}","","",""
"31808","DC","","","","GUADALAJARA HEIGHTS","321","174.7","GUADALAJARA HEIGHTS      BILLINGS     MT","6.9","GUADALAJARA HEIGHTS      BILLINGS     MT","{"Restaurants": 321}","","",""
"20452","DC","","","","GREAT WOK","321","40.8","GREAT WOK                W DES MOINES IA","1.9","GREAT WOK                W DES MOINES IA","{"Restaurants": 321}","","",""
"31771","DC","","","","GEARY GROCERY OUTLE","321","141.4","GEARY GROCERY OUTLE      SAN FRANCISCOCA","1","GEARY GROCERY OUTLE      SAN FRANCISCOCA","{"Groceries": 321}","","",""
"38137","DC","","","","FUOC OF GLEN","321","126","FUOC OF GLEN U07069263   HEBRON       ND","2.4","FUOC OF GLEN U07069263   HEBRON       ND","{"Gas": 321}","","",""
"31767","DC","","","","FORKABLE","321","16.6","FORKABLE                 415-857-0841 CA","0.1","FORKABLE                 415-205-1261 CA","{"Electronics & Software": 321}","","",""
"4402","DC","","","","FLOWERAMA","321","483","FLOWERAMA #164           APPLETON     WI","-127","FLOWERAMA #173           920-4321651  WI","{"Shopping": 321}","","",""
"31788","DC","","","","FB REDROCK","321","50.1","FB REDROCK               LAS VEGAS    NV","-14.1","FB REDROCK               LAS VEGAS    NV","{"Fast Food": 321}","","",""
"32425","DC","","","","DISPLAYS 2 GO","321","931.2","DISPLAYS2GO              401-247-0333 MA","-401.5","DISPLAYS2GO              401-247-0333 MA","{"Shopping": 321}","","",""
"41024","DC","","","","CARRIS HEALTH LLC","321","947.3","CARRIS HEALTH LLC        320-231-4242 MN","-725.7","CARRIS HEALTH LLC        320-231-4242 MN","{"Doctor": 321}","","",""
"31723","DC","","","","AJS OF GENOA","321","105.6","AJS OF GENOA             GENOA        NE","4","AJS OF GENOA             GENOA        NE","{"Gas": 321}","","",""
"57777","DC","","","","UGAR LLC","320","77","UGAR LLC                 540-693-5423 VA","-77","UGAR LLC                 540-693-5423 VA","{"Books": 320}","","",""
"32168","DC","","","","TROPICAL HIDEAWAY","320","61.8","TROPICAL HIDEAWAY        ANAHEIM      CA","-8.6","TROPICAL HIDEAWAY        ANAHEIM      CA","{"Fast Food": 320}","","",""
"31897","DC","","","","THEHUMANBEAN","320","100","LEVELUP*THEHUMANBEAN33   855-466-5585 MA","0.4","LEVELUP*THEHUMANBEAN17   855-466-5585 MA","{"Restaurants": 320}","{"LEVELUP": 320}","",""
"31815","DC","","","","THE SMITH LINCOLN CEN","320","530","THE SMITH  LINCOLN CEN   NEW YORK     NY","10","THE SMITH  LINCOLN CEN   NEW YORK     NY","{"Restaurants": 320}","","",""
"31912","DC","","","","THE PICKLE BARR","320","158","SQ *THE PICKLE BARR      SIOUX FALLS  SD","3.2","SQ *THE PICKLE BARR      SIOUX FALLS  SD","{"Restaurants": 320}","{"SQ": 320}","",""
"39704","DC","","","","SZYG","320","189.7","PAYPAL *EBAY SZYG        4029357733","-22","PAYPAL *EBAY SZYG        4029357733","{"Business Services": 320}","{"PAYPAL": 259, "PAYPAL EBAY": 61}","",""
"31855","DC","","","","REALTIMEPAI","320","940.1","REALTIMEPAI              877-787-7180 AR","-68","REALTIMEPAI              877-787-7180 AR","{"Shopping": 320}","{"PAYPAL": 37}","",""
"31853","DC","","","","RANDALLS STOP N SH","320","575.1","RANDALLS STOP N SH       HUDSON       IA","0.5","RANDALLS STOP N SH       HUDSON       IA","{"Groceries": 320}","","",""
"31911","DC","","","","QUICK LANES TIRE AND AUTO","320","997.2","QUICK LANES TIRE AND AUTOJAMESTOWN    ND","-104","QUICK LANES TIRE AND AUTOJAMESTOWN    ND","{"Service & Parts": 320}","","",""
"31820","DC","","","","ORDERTREE","320","844.6","ORDERTREE                8775007499   OH","-493.6","ORDERTREE                8775007499   OH","{"Shopping": 320}","","",""
"31867","DC","","","","OKC PARKING METERS","320","4","OKC PARKING METERS       OKLAHOMA CITYOK","1","OKC PARKING METERS       OKLAHOMA CITYOK","{"Uncategorized": 320}","","",""
"32021","DC","","","","MMS STMARYDECA","320","17.4","MMS STMARYDECA00420976   DECATUR      IL","0.1","MMS STMARYDECA00420976   DECATUR      IL","{"Restaurants": 320}","","",""
"31918","DC","","","","L I JEWISH AUBONPAIN","320","56.8","L I JEWISH AUBONPAIN 2   NEW HYDE PARKNY","1.2","L I JEWISH AUBONPAIN 2   NEW HYDE PARKNY","{"Fast Food": 320}","","",""
"31831","DC","","","","JR GRILL & MARKET MCO","320","172.8","JR GRILL & MARKET MCO    ORLANDO      FL","1.7","JR GRILL & MARKET MCO    ORLANDO      FL","{"Restaurants": 320}","","",""
"31840","DC","","","","JEFFERSON A & W","320","101","JEFFERSON A&W            JEFFERSON    IA","0.7","JEFFERSON A&W            JEFFERSON    IA","{"Restaurants": 320}","","",""
"31936","DC","","","","GENTSCENTS","320","35","GENTSCENTS               4357314368   UT","-88","SP * GENTSCENTS          435-731-4368 UT","{"Clothing": 320}","{"SP": 1}","",""
"31858","DC","","","","GCS CAR WASH PASS","320","417.2","GCS CAR WASH PASS        9203368983   WI","-37.9","GCS CAR WASH PASS        1-920-3368983WI","{"Clothing": 320}","","",""
"31848","DC","","","","FIVE STAR LIQUOR","320","412.6","FIVE STAR LIQUOR         LAS VEGAS    NV","3.9","FIVE STAR LIQUOR         LAS VEGAS    NV","{"Alcohol & Bars": 320}","","",""
"32027","DC","","","","FIELD MUS MER","320","160","8FIELD MUS MER11333812   CHICAGO      IL","-21.9","8FIELD MUS MER11333812   CHICAGO      IL","{"Clothing": 320}","","",""
"31898","DC","","","","FAR GUAD","320","576.2","FAR GUAD 1024            MAZATLAN SIN","0.4","FAR GUAD 1024            MAZATLAN SIN","{"Pharmacy": 320}","","",""
"31834","DC","","","","DSG","320","700","DSG GIFT CARD            877-850-1977 ME","-130","DSG GIFT CARD            877-850-1977 ME","{"Uncategorized": 320}","{"GIFT CARD": 320}","",""
"31813","DC","","","","COACHESCORNER","320","428","COACHESCORNER            749MORMANTRE IA","4.7","COACHESCORNER            749MORMANTRE IA","{"Alcohol & Bars": 320}","","",""
"31854","DC","","","","CHEVYS MEXICAN RESTAURANT","320","300","CHEVYS MEXICAN RESTAURANTBLOOMINGTON  MN","4.8","CHEVYS MEXICAN RESTAURANTBLOOMINGTON  MN","{"Restaurants": 320}","","",""
"34576","DC","","","","AMK CAPITAL ONE ARENA","320","341.8","AMK CAPITAL ONE ARENA    202-6283200  DC","1.5","AMK CAPITAL ONE ARENA    WASHINGTON   DC","{"Restaurants": 320}","","",""
"36838","DC","","","","ALL FUELS","320","200.1","ALL FUELS #3             MCALESTER    OK","1.5","ALL FUELS #3             MCALESTER    OK","{"Gas": 320}","","",""
"31871","DC","","","","ACTBLUE . PAC","320","250","ACTBLUE*GIFFORDS.PAC.IE  617-5177600  MA","-25","ACTBLUE*GIFFORDS.PAC.IE  617-5177600  MA","{"Gifts & Donations": 320}","{"NARAL": 6, "TFY": 1, "GIFFORDS": 313}","",""
"31933","DC","","","","VPR","319","250","VPR                      WWW.VPR.NET  VT","5","VPR                      WWW.VPR.NET  VT","{"Gifts & Donations": 319}","{"BB": 39}","",""
"42","DC","","","","TACO BELL","319","61.9","TACO BELL 719998         636-584-0653 IL","-24","TACO BELL 732381         8476899950   IL","{"Fast Food": 319}","{"QPS": 6}","",""
"31959","DC","","","","ST PAUL GROCERY LL","319","161.1","ST PAUL GROCERY LL       SAINT PAUL   NE","0.6","ST PAUL GROCERY LL       SAINT PAUL   NE","{"Groceries": 319}","","",""
"31952","DC","","","","SOLON-MUSTARD SE","319","301.6","SOLON - MUSTARD SE       SOLON        OH","1.2","SOLON - MUSTARD SE       SOLON        OH","{"Groceries": 319}","","",""
"31921","DC","","","","SCHUMAN CENTER","319","19.1","SCHUMAN CENTER60053592   EAGAN        MN","1.4","SCHUMAN CENTER60053592   EAGAN        MN","{"Fast Food": 319}","","",""
"32163","DC","","","","RUSHORDERTEES / PRINTFLY","319","982.5","RUSHORDERTEES/PRINTFLY   8006201233   PA","-210.1","RUSHORDERTEES/PRINTFLY   8006201233   PA","{"Clothing": 319}","","",""
"45262","DC","","","","REEDS COUNTRY MARK","319","199.6","REEDS COUNTRY MARK       CROSSLAKE    MN","1","REEDS COUNTRY MARK       CROSSLAKE    MN","{"Groceries": 319}","","",""
"32867","DC","","","","PRIVACY PATROL","319","32.2","PRIVACY PATROL           855-2722815  NJ","-24.8","PRIVACY PATROL           855-2722815  NJ","{"Business Services": 319}","","",""
"32745","DC","","","","PARTS WAREH","319","225.2","PAYPAL *PARTS WAREH      402-935-7733 TX","-195.9","PAYPAL *PARTS WAREH      402-935-7733 TX","{"Home": 319}","{"PAYPAL": 319}","",""
"31993","DC","","","","ONLINE TEAM FUNDRAISER","319","500","ONLINE TEAM FUNDRAISER   8888530355   ID","-50","ONLINE TEAM FUNDRAISER   888-853-0355 ID","{"Gifts & Donations": 319}","","",""
"32094","DC","","","","MFA PARKING","319","29","MFA PARKING              BOSTON       MA","6","MFA PARKING              BOSTON       MA","{"Shopping": 319}","","",""
"32082","DC","","","","MAYO PHARMACY","319","899.4","MAYO PHARMACY 00020891   701-2232424  ND","-14.8","MAYO PHARMACY 00020891   BISMARCK     ND","{"Pharmacy": 319}","{"SQ": 1}","",""
"63486","DC","","","","LUDDITES INC","319","893.1","LUDDITES INC             DEUTSCHEOPTIKNV","-421.5","LUDDITES INC             775-4635131  NV","{"Shopping": 319}","","",""
"31965","DC","","","","JOHNDEERESTORE.COM","319","765.4","JOHNDEERESTORE.COM       866-2728750  NC","-393.9","JOHNDEERESTORE.COM       CHARLOTTE    NC","{"Shopping": 319}","","",""
"31996","DC","","","","IN BMV INDPLS","319","994.1","IN BMV INDPLS-AMERIPLE   INDIANAPOLIS IN","0.2","IN BMV INDPLS-MIDT       INDIANAPOLIS IN","{"Uncategorized": 319}","","",""
"31988","DC","","","","FAST HELP","319","607.6","FAST HELP                866 213 7710 OH","-336","FAST HELP                866-213-7710 OH","{"Shopping": 319}","","",""
"31925","DC","","","","EGOV LEETAXCOLLECTOR","319","975","EGOV*LEETAXCOLLECTOR 0000FT MYERS     FL","-47.1","EGOV*LEETAXCOLLECTOR     FT MYERS     FL","{"Uncategorized": 319}","","",""
"31998","DC","","","","CMAYLEWSFERY I-NET","319","199","CMAYLEWSFERY I-NET       NEW CASTLE   DE","-104","CMAYLEWSFERY I-NET       NEW CASTLE   DE","{"Shopping": 319}","","",""
"31994","DC","","","","CHIVEON","319","135","CHIVEON                  5125273500   TX","4.9","CHIVEON                  WWW.CHIVEMEDITX","{"Clothing": 319}","","",""
"31970","DC","","","","CALSTATEAPPLY","319","700","CALSTATEAPPLY            857-3042087  CA","55","CALSTATEAPPLY            857-3042087  CA","{"Uncategorized": 319}","{"CALSTATEAPP": 6}","",""
"32318","DC","","","","CABQ PARKING METERS","319","8","CABQ PARKING METERS      ALBUQUERQUE  NM","1","CABQ PARKING METERS      ALBUQUERQUE  NM","{"Parking": 319}","","",""
"32026","DC","","","","ATLANTIC IOWA-JET","319","12","ATLANTIC IOWA - JET      ATLANTIC     IA","8","ATLANTIC IOWA - JET      ATLANTIC     IA","{"Service & Parts": 319}","","",""
"32447","DC","","","","WUGUANNENG","318","44.1","PAYPAL *WUGUANNENG       4029357733   CA","-7.1","PAYPAL *WUGUANNENG       4029357733","{"Clothing": 318}","{"PAYPAL": 316, "PAYPAL EBAY": 2}","",""
"22732","DC","","","","Westmore Beauty","318","142.3","GRC*Westmore Beauty      888-3663095  CA","-128.5","GRC*Westmore Beauty      888-3663095  CA","{"Shopping": 318}","{"GRC": 318}","",""
"32079","DC","","","","Vice Sporting Goods GmbH","318","674.1","Vice Sporting Goods GmbH Muenchen","-311.4","Vice Sporting Goods GmbH Muenchen","{"Sporting Goods": 318}","","",""
"32091","DC","","","","TANAKAYA","318","110","TANAKAYA                 TUSTIN       CA","4","TANAKAYA                 TUSTIN       CA","{"Restaurants": 318}","","",""
"32111","DC","","","","SN POWER CTR GYM","318","684","SN POWER CTR GYM         FARGO        ND","10","SN POWER CTR GYM         FARGO        ND","{"Entertainment": 318}","","",""
"32127","DC","","","","RICECRK CAFE","318","26.8","RICECRK CAFE  50156645   MOUNDS VIEW  MN","0.4","RICECRK CAFE  50156645   MOUNDS VIEW  MN","{"Fast Food": 318}","","",""
"32071","DC","","","","RESTAURANT KOTO OC","318","954","RESTAURANT KOTO OC       FOUNTAIN VLY CA","18.2","RESTAURANT KOTO OC       FOUNTAIN VLY CA","{"Restaurants": 318}","","",""
"43394","DC","","","","RACINDIRT","318","299.9","RACINDIRT                STRIPE.COM   NY","-7.9","PAYPAL *RACINDIRT        402-935-7733 MO","{"Shopping": 318}","{"PAYPAL": 238}","",""
"45913","DC","","","","PONY MARKET","318","116.6","PONY MARKET              WINNEBAGO    NE","0.9","PONY MARKET              WINNEBAGO    NE","{"Gas": 318}","","",""
"11708","DC","","","","PIZZA HOUSE","318","180","PIZZA HOUSE              SIDNEY       MT","3.2","PIZZA HOUSE              406-4331971  MT","{"Restaurants": 318}","","",""
"32062","DC","","","","NEW ANTENNA 3 UNITS","318","81.1","NEW ANTENNA 3 UNITS      6094147087","-81.1","NEW ANTENNA 3 UNITS      6094147087   HKG","{"Electronics & Software": 318}","","",""
"32092","DC","","","","MILW BREWERS INTERNET","318","984","MILW BREWERS INTERNET    800-9337890  WI","-768","MILW BREWERS INTERNET    MILWAUKEE    WI","{"Entertainment": 318}","","",""
"28664","DC","","","","www.istockphoto.com","318","588","CKO*www.istockphoto.com  866-4786251  WA","-333.2","CKO*www.istockphoto.com  866-4786251  WA","{"Business Services": 318}","","",""
"32119","DC","","","","INTEL F 15 CAFE","318","13.6","INTEL F15 CAFE18317289   ALOHA        OR","1","INTEL F15 CAFE18317289   ALOHA        OR","{"Fast Food": 318}","","",""
"32093","DC","","","","INFOWARSSTORE.COM","318","763.7","INFOWARSSTORE.COM        888-2533139  TX","-71.8","INFOWARSSTORE.COM        888-2533139  TX","{"Shopping": 318}","","",""
"32046","DC","","","","HOTEL HYATT ZIVA CANCU","318","975.1","HOTEL HYATT ZIVA CANCU   BENITO JUAREZ","1.3","HOTEL HYATT ZIVA CANCU   BENITO JUAREZ","{"Hotel": 318}","","",""
"32044","DC","","","","HAMPTON HARDWARE INC","318","932.9","HAMPTON HARDWARE INC     HAMPTON      IA","-118.9","HAMPTON HARDWARE INC     HAMPTON      IA","{"Home": 318}","","",""
"32118","DC","","","","GARBOS OAK VIEW MALL","318","375","GARBOS OAK VIEW MALL     OMAHA        NE","-65","GARBOS OAK VIEW MALL     OMAHA        NE","{"Spa & Massage": 318}","","",""
"80767","DC","","","","FACTORYDIRE","318","899.9","PAYPAL *FACTORYDIRE      402-935-7733 GA","-679.9","PAYPAL *FACTORYDIRE      4029357733   CA","{"Shopping": 318}","{"PAYPAL": 302, "PAYPAL EBAY": 2}","",""
"32048","DC","","","","FACEBK NetworkforGood","318","500","FACEBK NetworkforGood    fb.com/cc    CA","5","FACEBK NetworkforGood    650-5434800  CA","{"Gifts & Donations": 318}","","",""
"32108","DC","","","","COURTS PLUS COMMUN . FITN","318","960","COURTS PLUS COMMUN. FITN 7014996079   ND","-53.7","COURTS PLUS COMMUN. FITN 7014996079   ND","{"Business Services": 318}","","",""
"32043","DC","","","","CARSON DRUG","318","420.5","CARSON DRUG   00026047   CUSTER       SD","1","CARSON DRUG   00026047   CUSTER       SD","{"Pharmacy": 318}","","",""
"33424","DC","","","","BUILDING","318","80","SQ *BUILDING 429 TO      CONCORDIA    KS","1","BUILDING F    19102458   SAINT PAUL   MN","{"Fast Food": 318}","{"OPS": 1, "SQU SQ": 2, "SP": 1, "SQ": 8}","",""
"18722","DC","","","","BEARD PAPAS","318","84.6","BEARD PAPAS              HONOLULU     HI","-6.2","BEARD PAPAS              HONOLULU     HI","{"Groceries": 318}","","",""
"32141","DC","","","","TURNER CLASSIC MOVIES","317","400.1","TURNER CLASSIC MOVIES    888-982-6746 FL","-30.9","TURNER CLASSIC MOVIES    FORT LAUDERDAFL","{"Movies & DVDs": 317}","","",""
"43993","DC","","","","TRANSFORMHQ","317","320.9","TRANSFORMHQ              HTTPSTRANSFORAZ","-69.9","TRANSFORMHQ              888-721-7890 AZ","{"Groceries": 317}","","",""
"31223","DC","","","","THE SMOKING GOAT","317","945.8","THE SMOKING GOAT         OMAHA        NE","-744","THE SMOKING GOAT         OMAHA        NE","{"Restaurants": 317}","","",""
"32237","DC","","","","THE GROVE JUICE","317","372.9","SQ *THE GROVE JUICE      OMAHA        NE","5.4","SQ *THE GROVE JUICE      OMAHA        NE","{"Fast Food": 317}","{"SQ": 317}","",""
"31816","DC","","","","TAPENADA","317","110","TAPENADA T1 ORD          CHICAGO      IL","1.5","TAPENADA T1 ORD          CHICAGO      IL","{"Restaurants": 317}","","",""
"64687","DC","","","","SEVEN NUTRITION","317","105","SEVEN NUTRITION          844-8038484  TX","-57","SEVEN NUTRITION          844-8038484  TX","{"Pharmacy": 317}","","",""
"32149","DC","","","","RIVERSIDE RESORT HTL","317","839","RIVERSIDE RESORT HTL&C   7022982535   NV","-212.6","RIVERSIDE RESORT HTL&C   7022982535   NV","{"Hotel": 317}","","",""
"53540","DC","","","","REPLACE LTD","317","759.9","PAYPAL *REPLACE LTD      402-935-7733 NC","-238.1","PAYPAL *REPLACE LTD      402-935-7733 NC","{"Shopping": 317}","{"PAYPAL": 317}","",""
"32208","DC","","","","PERKINS RST","317","223","PERKINS RST BK00520338   SIDNEY       NE","6.9","PERKINS RST BK00520338   SIDNEY       NE","{"Restaurants": 317}","","",""
"31656","DC","","","","NK NAILS","317","241","NK NAILS                 KEARNEY      NE","7","NK NAILS                 KEARNEY      NE","{"Hair": 317}","","",""
"31636","DC","","","","MDC SOUTHERN LIVING","317","83.5","MDC*SOUTHERN LIVING      800-825-4438 NY","-36","MDC*SOUTHERN LIVING      800-825-4438 NY","{"Shopping": 317}","","",""
"34897","DC","","","","LIUQIAO","317","90.9","PAYPAL *LIUQIAO          402-935-7733 CA","-13.5","PAYPAL *LIUQIAO          402-935-7733 CA","{"Business Services": 317}","{"PAYPAL": 290, "PAYPAL EBAY": 27}","",""
"61512","DC","","","","LAKE VILLAGE AMSTAR","317","308.3","LAKE VILLAGE AMSTAR      LAKE VILLAGE IN","0.8","LAKE VILLAGE AMSTAR      LAKE VILLAGE IN","{"Gas": 317}","","",""
"65622","DC","","","","JOESNEWBALA","317","387.6","PAYPAL *JOESNEWBALA      402-935-7733 MO","-80.4","PAYPAL *EBAY JOESNEWBALA 4029357733   MO","{"Clothing": 317}","{"PP": 106, "PAYPAL": 155, "PAYPAL EBAY": 3, "PP EBAY": 53}","",""
"32182","DC","","","","JACKSON VISITOR CENTER","317","158.2","JACKSON VISITOR CENTER   ASHFORD      WA","-26.9","JACKSON VISITOR CENTER G ASHFORD      WA","{"Shopping": 317}","","",""
"32142","DC","","","","WWW.HOPSKIPDRIVE.COM","317","87.6","WWW.HOPSKIPDRIVE.COM     8444677547   CA","9","WWW.HOPSKIPDRIVE.COM     8444677547   CA","{"Rental Car & Taxi": 317}","","",""
"32145","DC","","","","HANSFOOD I CORP","317","283.7","HANSFOOD I CORP. 00000000HICKSVILLE   NY","-8","HANSFOOD I CORP. 00000000HICKSVILLE   NY","{"Groceries": 317}","","",""
"32268","DC","","","","GPB","317","505","GPB                      WWW.GPB.ORG  GA","-185","GPB                      800-222-4788 GA","{"Gifts & Donations": 317}","{"BB": 15, "PAYPAL": 1}","",""
"32144","DC","","","","GASTROENTEROLOGY SPECIALT","317","919.6","GASTROENTEROLOGY SPECIALTLINCOLN      NE","-526.9","GASTROENTEROLOGY SPECIALTLINCOLN      NE","{"Doctor": 317}","","",""
"32147","DC","","","","FIRE LAKE MOA","317","400","FIRE LAKE MOA            BLOOMINGTON  MN","5.5","FIRE LAKE MOA            BLOOMINGTON  MN","{"Restaurants": 317}","","",""
"32196","DC","","","","DBGRND","317","225.5","DBGRND - MINOT           MINOT        ND","-14.4","DBGRND - MINOT           MINOT        ND","{"Clothing": 317}","","",""
"32232","DC","","","","DAVIS"MARKETPLACE","317","140.9","DAVIS" MARKETPLACE       WATERVILLE   MN","2.6","DAVIS" MARKETPLACE       WATERVILLE   MN","{"Groceries": 317}","","",""
"32189","DC","","","","Custom Pet & Face Prod","317","196.7","BLT*Custom Pet&Face Prod.833-4616710  GA","-119.8","BLT*Custom Pet&Face Prod.833-4616710  GA","{"Shopping": 317}","{"BLT": 317}","",""
"32226","DC","","","","CENTURY SQUARE SHOP","317","350.7","CENTURY SQUARE SHOP      WEST MIFFLIN PA","-11.6","CENTURY SQUARE SHOP"     WEST MIFFLIN PA","{"Groceries": 317}","","",""
"24102","DC","","","","BRIGHTNOW DENTAL","317","921","10080 BRIGHTNOW DENTAL   FRESNO       CA","-137.2","90110 BRIGHTNOW DENTAL   IRVINE       CA","{"Dentist": 317}","","",""
"32428","DC","","","","24HOURWRISTBANDS.COM","317","943.3","24HOURWRISTBANDS.COM     855-711-4467 TX","-273.5","24HOURWRISTBANDS.COM     855-711-4467 TX","{"Clothing": 317}","","",""
"32678","DC","","","","ZA","316","298.8","ZA$NO0SUFUEISU SUTANDA0DOTOKYO","3.9","ZA-HA ZAATAR             8183707361   CA","{"Restaurants": 316}","{"PAYPAL": 1, "SQ": 2}","",""
"32295","DC","","","","WINERY HILL CITY, INC","316","685.4","IN *WINERY HILL CITY,INC.HILL CITY    SD","3.5","IN *WINERY HILL CITY,INC.HILL CITY    SD","{"Shopping": 316}","{"IN": 316}","",""
"32304","DC","","","","VIKING CAFE","316","98.1","VIKING CAFE              FERGUS FALLS MN","3.7","VIKING CAFE              FERGUS FALLS MN","{"Restaurants": 316}","","",""
"34219","DC","","","","TWINLEAF EXPRESS","316","162.4","TWINLEAF EXPRESS         FORT COVINGTONY","2.1","TWINLEAF EXPRESS         FORT COVINGTONY","{"Gas": 316}","","",""
"17762","DC","","","","TRADEMARK UNIFORMS INC","316","310.5","TRADEMARK UNIFORMS INC 1 FARGO        ND","-187","TRADEMARK UNIFORMS INC 2 GRAND FORKS  ND","{"Clothing": 316}","","",""
"37866","DC","","","","TJ"S DELI MART","316","102","TJ"S DELI MART #2        MC KEES ROCKSPA","1.7","TJ"S DELI MART #2        MC KEES ROCKSPA","{"Gas": 316}","","",""
"24678","DC","","","","THE MARKET","316","536.6","THE MARKET               SIOUX FALLS  SD","3.4","SQ *SQ *THE MARKET AT    Bartlett     NH","{"Restaurants": 316}","{"SQ SQ": 6, "SQ": 12}","",""
"6939","DC","","","","THE BOATHOUSE","316","357.2","THE BOATHOUSE            ELDON        MO","5","THE BOATHOUSE            724-2831878  SD","{"Restaurants": 316}","{"TST": 79, "SQ": 4}","",""
"32267","DC","","","","SN OSM","316","67.7","SN OSM                   FARGO        ND","-65","SN OSM                   FARGO        ND","{"Doctor": 316}","","",""
"32289","DC","","","","PPA AUTOPARK","316","235","PPA AUTOPARK AT IND MALL PHILADELPHIA PA","4","PPA AUTOPARK AT IND MALL PHILADELPHIA PA","{"Parking": 316}","","",""
"32310","DC","","","","PCD","316","147.1","PCD 0570-003-922         0570003922","0.9","PCD 0570-003-922         0570003922   GBR","{"Shopping": 316}","","",""
"32294","DC","","","","PAGETURNERS LOUNGE","316","151","PAGETURNERS LOUNGE       OMAHA        NE","2","PAGETURNERS LOUNGE       OMAHA        NE","{"Restaurants": 316}","","",""
"32314","DC","","","","NORWEGIAN ESCAPE","316","995.6","NORWEGIAN ESCAPE         MIAMI        FL","0","NORWEGIAN ESCAPE         MIAMI        FL","{"Travel": 316}","","",""
"32259","DC","","","","MR PIZZA OF ROCHESTER","316","202.5","MR PIZZA OF ROCHESTER    ROCHESTER    MN","1.5","MR PIZZA OF ROCHESTER    ROCHESTER    MN","{"Restaurants": 316}","","",""
"32264","DC","","","","MORE BURGERS AND SHAKE","316","75.9","MORE BURGERS AND SHAKE   307-5865454  WY","0.5","MORE BURGERS AND SHAKE   724-2831878  WY","{"Restaurants": 316}","","",""
"33115","DC","","","","MKT","316","675","PAYPAL *MKT TMG RPT      35314369001","-5.4","MKT LAS                  LAS VEGAS    NV","{"Fast Food": 316}","{"TMG RPT": 1, "SQ": 7}","",""
"32336","DC","","","","mkcares marykayfoundation","316","500","mkcares@marykayfoundationADDISON      TX","0","mkcares@marykayfoundationADDISON      TX","{"Gifts & Donations": 316}","","",""
"85771","DC","","","","GAME FOCUS","316","105.4","GOOGLE *GAME FOCUS       g.co/helppay#CA","0.9","GOOGLE *GAME FOCUS       g.co/helppay#CA","{"Electronics & Software": 316}","{"GOOGLE": 316}","",""
"32346","DC","","","","FRANKLIN FAST STOP","316","107.1","FRANKLIN FAST STOP       FRANKLIN     IL","2.2","FRANKLIN FAST STOP       FRANKLIN     IL","{"Gas": 316}","","",""
"32325","DC","","","","ELCARAJO","316","282.1","ELCARAJO_1               MIAMI        FL","2.5","ELCARAJO_1               MIAMI        FL","{"Restaurants": 316}","","",""
"32327","DC","","","","EHP CROSSFIT","316","428.4","EHP CROSSFIT             218-5120515  MN","-206.1","EHP CROSSFIT             MOORHEAD     MN","{"Entertainment": 316}","","",""
"32485","DC","","","","DJO, LLC","316","980.5","DJO, LLC                 800-321-9549 CA","-298.8","DJO, LLC                 VISTA        CA","{"Health & Fitness": 316}","","",""
"34941","DC","","","","DINGXIAOHON","316","91.6","PAYPAL *DINGXIAOHON      402-935-7733 CA","-3.3","PAYPAL *DINGXIAOHON      402-935-7733 CA","{"Clothing": 316}","{"PAYPAL": 302, "PAYPAL EBAY": 14}","",""
"32343","DC","","","","DHGAMES LIMITE","316","107.5","GOOGLE *DHGAMES LIMITE   g.co/helppay#CA","0.9","GOOGLE *DHGAMES LIMITE   g.co/helppay#CA","{"Electronics & Software": 316}","{"GOOGLE": 316}","",""
"32345","DC","","","","CHP MAIN CAMPUS CAFE","316","41.3","CHP MAIN CAMPUS CAFE     PITTSBURGH   PA","0.7","CHP MAIN CAMPUS CAFE     PITTSBURGH   PA","{"Restaurants": 316}","","",""
"32319","DC","","","","CBRE RIVERVIEW","316","13.7","CBRE RIVERVIEW11406451   NORWALK      CT","1.8","CBRE RIVERVIEW11406451   NORWALK      CT","{"Fast Food": 316}","","",""
"32284","DC","","","","BUDGETGOLF.COM","316","849.9","BUDGETGOLF.COM           866-336-3300 CA","-426.8","BUDGETGOLF.COM           866-336-3300 CA","{"Sporting Goods": 316}","","",""
"32324","DC","","","","BIGBADTOYST","316","398","PP*BIGBADTOYST           402-935-7733 WI","-108.9","PP*BIGBADTOYST           402-935-7733 WI","{"Shopping": 316}","{"PP": 309, "PAYPAL": 7}","",""
"32036","DC","","","","B Bops Ames","316","37.2","B Bops Ames              AMES         IA","-2.6","B Bops Ames              AMES         IA","{"Restaurants": 316}","","",""
"32322","DC","","","","AWESALES","316","199.9","PAYPAL *AWESALES         402-935-7733 CA","-24.9","PAYPAL *AWESALES         4029357733","{"Shopping": 316}","{"PAYPAL": 316}","",""
"32307","DC","","","","Association Payment","316","954.8","Association Payment      MESA         AZ","-25.7","Association Payment      MESA         AZ","{"Mortgage & Rent": 316}","","",""
"32340","DC","","","","ALIVE BY RAINTREE","316","78","ALIVE BY RAINTREE        970-490-1300 CO","-10","ALIVE BY RAINTREE        FORT COLLINS CO","{"Entertainment": 316}","","",""
"32287","DC","","","","ACTBLUE . OCASI","316","110","ACTBLUE*ALEXANDRIA.OCASI actbluecc.comMA","-25","ACTBLUE*ALEXANDRIA.OCASI actbluecc.comMA","{"Gifts & Donations": 316}","{"ALEXANDRIA": 316}","",""
"32368","DC","","","","WBG MILLENNIUM","315","86.9","WBG MILLENNIUM18204016   WASHINGTON   DC","1.1","WBG MILLENNIUM18204016   WASHINGTON   DC","{"Fast Food": 315}","","",""
"45180","DC","","","","WANGJIE","315","237.9","PAYPAL *WANGJIE          402-935-7733 CA","-89.9","PAYPAL *WANGJIE          4029357733","{"Internet": 315}","{"PAYPAL": 313, "PAYPAL EBAY": 2}","",""
"32361","DC","","","","VIEWPOINTE VISION","315","973.9","VIEWPOINTE VISION        OMAHA        NE","10","VIEWPOINTE VISION        OMAHA        NE","{"Eyecare": 315}","","",""
"32383","DC","","","","STEEPED TEA INC","315","992.4","STEEPED TEA INC          BUFFALO      NY","-75.9","STEEPED TEA INC          8557770132   NY","{"Groceries": 315}","","",""
"32469","DC","","","","SOFTWARE PRO WORLD","315","223.2","SOFTWARE PRO WORLD       LONDON       LND","-49.9","SOFTWARE PRO WORLD       LONDON       LND","{"Electronics & Software": 315}","","",""
"32387","DC","","","","SEGPAY","315","150","SEGPAY-RealLife.com      SEGPAY-RealL GBR","-69.9","SEGPAY-WHALE.COM         866-4504000  NV","{"Shopping": 315}","","",""
"32430","DC","","","","PREHISTORIC PUT","315","192","SQ *PREHISTORIC PUT      OMAHA        NE","2.5","SQ *PREHISTORIC PUT      OMAHA        NE","{"Entertainment": 315}","{"SQ": 315}","",""
"59850","DC","","","","POP FIT","315","176","PAYPAL *POP FIT          402-935-7733 NV","-150","PAYPAL *POP FIT          402-935-7733 NV","{"Clothing": 315}","{"PAYPAL": 174}","",""
"32441","DC","","","","PARKING MAC SQUARE","315","20","PARKING MAC SQUARE       MILWAUKEE    WI","3","PARKING MAC SQUARE       MILWAUKEE    WI","{"Parking": 315}","","",""
"32450","DC","","","","PACK A DILLY","315","275","SQU*SQ *PACK A DILLY     FORT COLLINS CO","1.1","SQ *PACK A DILLY  (      FORT COLLINS CO","{"Business Services": 315}","{"SQU SQ": 13, "SQ": 302}","",""
"31843","DC","","","","MidCityOBGYN","315","816.1","PHR*MidCityOBGYN         402-3976600  NE","-40","PHR*MidCityOBGYN         402-3976600  NE","{"Doctor": 315}","{"PHR": 315}","",""
"40699","DC","","","","MI","315","945","PAYPAL *MI               402-935-7733 MI","2","MI                       OMAHA        NE","{"Service & Parts": 315}","{"DETAILE": 3, "PAYPAL": 6, "DTMB ORS FEE": 2, "BOX MOBILE": 2, "GOOGLE": 2}","",""
"32393","DC","","","","LOYALTY LIQUORS","315","132.7","LOYALTY LIQUORS          FORT COLLINS CO","1.8","LOYALTY LIQUORS          FORT COLLINS CO","{"Alcohol & Bars": 315}","{"FIV": 1}","",""
"32407","DC","","","","KAKU MAKINO","315","917","KAKU MAKINO              LAS VEGAS    NV","21.6","KAKU MAKINO              LAS VEGAS    NV","{"Restaurants": 315}","","",""
"32784","DC","","","","JOHNS SERVICE","315","829.5","JOHNS SERVICE            YANKTON      SD","3.1","JOHNS SERVICE            YANKTON      SD","{"Gas": 315}","","",""
"32362","DC","","","","ILLINOISSECRETARYOFSTATE","315","876.9","ILLINOISSECRETARYOFSTATE-217-7853920  IL","4","ILLINOISSECRETARYOFSTATE 217-785-3920 IL","{"Uncategorized": 315}","","",""
"54817","DC","","","","GRESHAM TOWN MART","315","100","GRESHAM TOWN MART        GRESHAM      WI","1.4","GRESHAM TOWN MART        GRESHAM      WI","{"Gas": 315}","","",""
"32412","DC","","","","GNAC BUFFET","315","111.7","GNAC BUFFET              ATLANTIC CITYNJ","7.3","GNAC BUFFET              ATLANTIC CITYNJ","{"Restaurants": 315}","","",""
"32490","DC","","","","FAT BURGER","315","54.4","FAT BURGER #126          HENDERSON    NV","1.7","FAT BURGER #143          HENDERSON    NV","{"Fast Food": 315}","{"GOLDENMILE": 1}","",""
"32402","DC","","","","FAIRWAY MKT UT","315","413","FAIRWAY MKT UT           NEW YORK     NY","-8.7","FAIRWAY MKT UT           NEW YORK     NY","{"Groceries": 315}","","",""
"32351","DC","","","","DARNGOODYARN","315","268.5","DARNGOODYARN             5183771177   NY","-13.9","DARNGOODYARN             5183771177   NY","{"Shopping": 315}","","",""
"32477","DC","","","","BRICKHOUSE RESTAURANT","315","458.3","BRICKHOUSE  RESTAURANT  BROSEAU       MN","2.6","BRICKHOUSE  RESTAURANT  BROSEAU       MN","{"Alcohol & Bars": 315}","","",""
"32454","DC","","","","BISMANONLIN","315","124.9","PAYPAL *BISMANONLIN      402-935-7733 ND","1.8","PAYPAL *BISMANONLIN      402-935-7733 ND","{"Advertising": 315}","{"PAYPAL": 315}","",""
"30726","DC","","","","ATHLINKS","315","504.2","ATHLINKS-2019-LEADVILL   8886002298   CO","-365","ATHLINKS-2019-NEW-YORK   888-600-2298 CO","{"Business Services": 315}","{"ROCK": 2, "FITBIT": 2, "AUTISM": 3, "OUTDOOR": 1, "TUPPER": 1, "ANNUAL": 1, "GEORGE": 1, "LOST": 2, "CHERRISH": 6, "REMEMBER": 1, "MERCEDES": 2, "DIRTY": 10, "INTRAINI": 2, "COON": 1, "TRAILS": 1, "PATS": 1, "SAKATAH": 4, "BUSHWACK": 2, "DIGITAL MEDIA": 1, "FALL": 1, "PRINCETO": 1, "PAWS ON": 1, "MO": 1, "SUPER": 2, "TRIPLE": 3, "GREAT": 1, "SBT": 2, "- 5 K": 4, "CRUISIN": 2, "CRYSTAL": 2, "MOMMYMIL": 2, "MAPLE": 2, "PUBLIX": 7, "RACE 4 RES": 1, "MARTHASS": 1, "METZENBA": 1, "XTERRA": 2, "DOGFISH": 3, "TEXAS": 1, "BAY": 1, "FESTIVAL": 3, "POINT": 1}","",""
"32449","DC","","","","Amwell","315","175","Amwell                   617-2043500  MA","-125","Amwell                   BOSTON       MA","{"Doctor": 315}","","",""
"32390","DC","","","","A 1","315","408","A1 PETCARESUPPLIES.COM   WWW.PETCARESU","-408","A1 PETCARESUPPLIES.COM   WWW.PETCARESU","{"Pet Food & Supplies": 315}","","",""
"33104","DC","","","","WF 4 NYSTAX","314","145.9","WF4 NYSTAX  *SERVICE F   5184575181   CA","0.3","WF4 NYSTAX  *SERVICE FEE 518-457-5181 CA","{"Taxes": 314}","{"SERVICE FEE": 230, "SERVICE": 84}","",""
"32531","DC","","","","TOYOTACOLUMBUS","314","25.5","TOYOTACOLUMBUS11351210   COLUMBUS     IN","0.8","TOYOTACOLUMBUS11351210   COLUMBUS     IN","{"Fast Food": 314}","","",""
"32487","DC","","","","THE COLUMBIAN CIRC","314","246","THE COLUMBIAN CIRC 2     360-694-2312 WA","-125.3","THE COLUMBIAN CIRC 2     360-694-2312 WA","{"Books": 314}","","",""
"32920","DC","","","","SUREMED-IDEALCONCEPTS","314","345","SUREMED -IDEALCONCEPTS   6107400009   PA","20","SUREMED -IDEALCONCEPTS   610-740-0009 PA","{"Financial": 314}","","",""
"32547","DC","","","","ST PAUL GROCERY LLC","314","215.1","ST PAUL GROCERY LLC      SAINT PAUL   NE","1.7","ST PAUL GROCERY LLC      SAINT PAUL   NE","{"Groceries": 314}","","",""
"32979","DC","","","","SKINSTORE.COM","314","964.1","SKINSTORE.COM            SKINSTORE.COMCA","-168.7","SKINSTORE.COM            SKINSTORE.COMCA","{"Shopping": 314}","","",""
"37613","DC","","","","SIXT CAR","314","994.4","SIXT CAR 9417128129/00   LANGLEY SLO  GBR","-817.1","SIXT CAR 18JUL CPAR      PULLACH      DEU","{"Rental Car & Taxi": 314}","{"SEP MCMN": 1, "TRAFFIC OFF": 49, "SEP ECAR": 1, "SEP IWMR": 1, "FEB CDAR": 1}","",""
"32515","DC","","","","RIH PARKING","314","7","RIH PARKING              PROVIDENCE   RI","2","RIH PARKING              PROVIDENCE   RI","{"Parking": 314}","","",""
"32474","DC","","","","REALIZCAFE","314","13.1","REALIZCAFE    58448366   KANSAS CITY  MO","1.1","REALIZCAFE    58448366   KANSAS CITY  MO","{"Fast Food": 314}","","",""
"32507","DC","","","","PEXTON PHARMACY","314","871.5","PEXTON PHARMACY          HARLAN       IA","0.9","PEXTON PHARMACY          HARLAN       IA","{"Pharmacy": 314}","","",""
"51747","DC","","","","MONROVIA CMF","314","98.1","MONROVIA CMF             BALTIMORE    MD","1.5","MONROVIA CMF             BALTIMORE    MD","{"Gas": 314}","","",""
"32461","DC","","","","MCKINLEY LIQUOR","314","981.6","MCKINLEY LIQUOR          724-2831878  NY","5.4","MCKINLEY LIQUOR          716-8278277  NY","{"Alcohol & Bars": 314}","","",""
"34189","DC","","","","KITCHENS","314","134.7","KITCHENS OF THE BAY ST   BOSTON       MA","2.1","KITCHENS OF THE BAY ST   BOSTON       MA","{"Fast Food": 314}","","",""
"32471","DC","","","","jBloom","314","843.3","jBloom                   636-9223853  MO","-13.5","jBloom                   636-9223853  MO","{"Clothing": 314}","","",""
"32483","DC","","","","HUDSON"S SUPERMART","314","326.4","HUDSON"S SUPERMART       HARRISON     AR","1.1","HUDSON"S SUPERMART       HARRISON     AR","{"Groceries": 314}","","",""
"32504","DC","","","","DISNEY PHOTOPASS WE","314","450.8","DISNEY PHOTOPASS WE      407-828-5630 FL","9.8","DISNEY PHOTOPASS WE      4078285630   FL","{"Business Services": 314}","","",""
"32544","DC","","","","DAM BREWING COMPANY, DBA","314","206.5","DAM BREWING COMPANY, DBA/DILLON       CO","4.5","DAM BREWING COMPANY, DBA/DILLON       CO","{"Restaurants": 314}","","",""
"32503","DC","","","","CYBERSONIC THANK YOU","314","129.9","CYBERSONIC THANK YOU     800-770-7525 CA","9.9","CYBERSONIC THANK YOU     800-770-7525 CA","{"Health & Fitness": 314}","","",""
"32491","DC","","","","CPAPDIRECT.COM","314","999.9","CPAPDIRECT.COM           800-497-4904 FL","-888.9","CPAPDIRECT.COM           8004974904   FL","{"Health & Fitness": 314}","","",""
"59458","DC","","","","COFFINS CORNER","314","75.7","COFFINS CORNER #1        GRAND ISLAND NE","1.4","COFFINS CORNER #2        GRAND ISLAND NE","{"Gas": 314}","","",""
"32613","DC","","","","ZIPTHRU QPS","313","100","ZIPTHRU            QPS   CHARLOTTE    NC","-7.6","ZIPTHRU            QPS   8882817277   NC","{"Restaurants": 313}","","",""
"32582","DC","","","","VXNMEDI","313","300.2","VXNMEDI*VXNBILL.COM      855-467-1420 DE","1","VXNMEDI*VXNBILL.COM/VP 85855-467-1420 CA","{"Shopping": 313}","","",""
"32626","DC","","","","VAN U MED AUBONPAIN","313","22.9","VAN U MED AUBONPAIN245   NASHVILLE    TN","1.3","VAN U MED AUBONPAIN245   NASHVILLE    TN","{"Fast Food": 313}","","",""
"32171","DC","","","","TGI FRIDAYS","313","371.7","TGI FRIDAYS-EASTWOOD     QUEZON CITY","3.1","TGI FRIDAYS              CALLAO","{"Restaurants": 313}","","",""
"66273","DC","","","","SOMERSET DAILY AMERICAN","313","215","SOMERSET DAILY AMERICAN 4814-4445900  PA","-9.9","SOMERSET DAILY AMERICAN PHAGERSTOWN   MD","{"Books": 313}","","",""
"32649","DC","","","","RECOLORADO","313","515.3","RECOLORADO               P://SHOPPING.CO","5","RECOLORADO               P://SHOPPING.CO","{"Business Services": 313}","","",""
"32621","DC","","","","PEGASUS SCHOOL IMAGES","313","78","PEGASUS SCHOOL IMAGES    905-6434299  ON","-11","PEGASUS SCHOOL IMAGES    STONEY CREEK ON","{"Shopping": 313}","","",""
"40271","DC","","","","PARKBOI","313","30","PARKBOI-CAP FRONT1       BOISE        ID","3","PARKBOI-CAPMYRTLE2       BOISE        ID","{"Parking": 313}","{"OFFICE": 2}","",""
"32599","DC","","","","MARINERSSAFECO","313","880.8","005MARINERSSAFECO        SEATTLE      WA","2.9","005MARINERSSAFECO        SEATTLE      WA","{"Sporting Goods": 313}","","",""
"32593","DC","","","","LUCIANAS","313","226","LUCIANAS 4               GREENWOOD    IN","7.3","LUCIANAS 3               COLUMBUS     IN","{"Restaurants": 313}","","",""
"33970","DC","","","","HICV MAINTENANCE FEES","313","991.4","HICV MAINTENANCE FEES -  800-950-1292 FL","-136","HICV MAINTENANCE FEES -  800-950-1292 FL","{"Vacation": 313}","","",""
"32630","DC","","","","HARVARDHEALTH PUBS","313","100.9","BPI*HARVARDHEALTH PUBS   800-649-9457 CT","-26","BPI*HARVARDHEALTH PUBS   800-649-9457 CT","{"Shopping": 313}","{"BPI": 306}","",""
"34979","DC","","","","FC & A PUBLISHING","313","128.3","FC &  A PUBLISHING       800-2268024  GA","-29.9","FC &  A PUBLISHING       800-2268024  GA","{"Shopping": 313}","","",""
"33590","DC","","","","FARGO","313","525","SQ *FARGO-MOORHEAD       MOORHEAD     MN","-1","FARGO                    800-514-3849 NC","{"Entertainment": 313}","{"SQ": 8}","",""
"32640","DC","","","","CONSUMERREPRTSONHEALTH","313","168.3","CONSUMERREPRTSONHEALTH   800-333-0663 NY","-34.1","CONSUMERREPRTSONHEALTH   800-333-0663 NY","{"Shopping": 313}","","",""
"37258","DC","","","","CINCINNATI REDS","313","951","CINCINNATI REDS R        COSTA MESA   CA","-112","CINCINNATI REDS I        8003520212   CA","{"Entertainment": 313}","{"TM": 37}","",""
"32616","DC","","","","CEP CAFE","313","10.5","CEP CAFE      11302031   COLUMBUS     IN","1","CEP CAFE      11302031   COLUMBUS     IN","{"Fast Food": 313}","","",""
"32611","DC","","","","BRAY"S SHOE SERVICE","313","750","BRAY"S SHOE SERVICE      MINOT        ND","-146.1","BRAY"S SHOE SERVICE      MINOT        ND","{"Clothing": 313}","","",""
"32632","DC","","","","BLUE 42 SPORTS","313","220.8","CKE*BLUE 42 SPORTS G 1021HARTFORD     SD","7.1","CKE*BLUE 42 SPORTS G 1021HARTFORD     SD","{"Restaurants": 313}","{"CKE": 313}","",""
"32589","DC","","","","AMK NW PIMA MICRO MKT","313","10.1","AMK NW PIMA MICRO MKT    SCOTTSDALE   AZ","1","AMK NW PIMA MICRO MKT    SCOTTSDALE   AZ","{"Fast Food": 313}","","",""
"32744","DC","","","","AAA CLUB / INSUR","313","990","AAA CLUB/INSUR 0470590R  313-336-1465 MI","-405","AAA CLUB/INSUR 0470590R  313-336-1465 MI","{"Gifts & Donations": 313}","","",""
"56492","DC","","","","3GLDSCR.COM","313","39.9","3GLDSCR.COM              855-506-9175 DE","-39.9","3GLDSCR.COM              855-506-9175 DE","{"Business Services": 313}","","",""
"25729","DC","","","","WONDERSHARE","312","159.3","PAYPAL *WONDERSHARE      4029357733   CA","-139.9","PAYPAL *WONDERSHARE      4029357733","{"Electronics & Software": 312}","{"PAYPAL": 264, "GOOGLE": 13}","",""
"32671","DC","","","","WEASLEYS QUALI","312","223.6","WEASLEYS QUALI01302520   ORLANDO      FL","-95.8","WEASLEYS QUALI01302520   ORLANDO      FL","{"Shopping": 312}","","",""
"32714","DC","","","","UMPHYSICIANS","312","987.5","UMPHYSICIANS             763-7826500  MN","-473.7","UMPHYSICIANS             BROOKLYN CENTMN","{"Doctor": 312}","","",""
"32701","DC","","","","THECARCOVERCOMPANY","312","559.9","THECARCOVERCOMPANY       HTTPSWWW.CARACA","-124.9","THECARCOVERCOMPANY       800-288-5844 CA","{"Auto & Transport": 312}","","",""
"32965","DC","","","","THE INN","312","848.5","THE INN AT BAY FORTUNE   SOURIS       PE","-121.5","THE INN                  LONG BEACH   NY","{"Restaurants": 312}","{"TST": 25, "SQU SQ": 1, "SQ": 21}","",""
"32757","DC","","","","TE GRILL","312","350","TE GRILL                 PLANO        TX","1","TE GRILL                 PLANO        TX","{"Restaurants": 312}","","",""
"32679","DC","","","","STATEFOODSAFETYCOM","312","744","STATEFOODSAFETYCOM       OREM         UT","-10","STATEFOODSAFETYCOM       OREM         UT","{"Health & Fitness": 312}","","",""
"32704","DC","","","","SHOWPLACE ICON","312","103.2","SHOWPLACE ICON 8857      SANTA CLARA  CA","-9","SHOWPLACE ICON 8857      SANTA CLARA  CA","{"Movies & DVDs": 312}","","",""
"34853","DC","","","","SHOPREVIEW","312","91.5","SHOPREVIEW               650149292391","-20.1","SHOPREVIEW               650149292391","{"Furnishings": 312}","{"PAYPAL": 112}","",""
"39379","DC","","","","RYDEN"S GAS","312","138.3","RYDEN"S GAS              GRAND PORTAGEMN","1.5","RYDEN"S GAS              GRAND PORTAGEMN","{"Gas": 312}","","",""
"35737","DC","","","","PROJECTYOURSELF.COM","312","192.2","PROJECTYOURSELF.COM      877-977-1799 CA","-42.9","PROJECTYOURSELF.COM      ENCINITAS    CA","{"Clothing": 312}","","",""
"26909","DC","","","","Nordcurrent","312","107.3","GOOGLE *Nordcurrent      g.co/helppay#CA","0.1","GOOGLE *Nordcurrent      g.co/helppay#CA","{"Electronics & Software": 312}","{"GOOGLE": 312}","",""
"32750","DC","","","","WWW.NCHSOFTWARE.COM","312","269","WWW.NCHSOFTWARE.COM      TURNER","-60.2","WWW.NCHSOFTWARE.COM      TURNER","{"Electronics & Software": 312}","","",""
"32720","DC","","","","MIRAMAR MAIN","312","711.4","MIRAMAR MAIN E83010017   SAN DIEGO    CA","-149.9","MIRAMAR MAIN E83010017   SAN DIEGO    CA","{"Uncategorized": 312}","","",""
"32718","DC","","","","MARIVIC"S FRESH SEAFOOD","312","700","MARIVIC"S FRESH SEAFOOD AHONOLULU     HI","2.2","MARIVIC"S FRESH SEAFOOD AHONOLULU     HI","{"Groceries": 312}","","",""
"32794","DC","","","","LOF INC","312","209.6","PAYPAL *EBAY LOF INC     4029357733   CA","-56.2","PAYPAL *EBAY LOF INC     402-935-7733 CA","{"Auto & Transport": 312}","{"PAYPAL": 244, "PAYPAL EBAY": 68}","",""
"32669","DC","","","","LIN"S PRICE","312","349.7","LIN"S PRICE              PRICE        UT","2","LIN"S PRICE              PRICE        UT","{"Groceries": 312}","","",""
"32773","DC","","","","KVAN BOURGONDIEN","312","838.2","KVAN BOURGONDIEN         8005529916   OH","-245.2","KVAN BOURGONDIEN         937-667-2491 OH","{"Shopping": 312}","","",""
"32683","DC","","","","KSA OPERATIONS","312","55.6","KSA OPERATIONS GRAND FOR GRAND FORKS  ND","1.7","KSA OPERATIONS           FARGO        ND","{"Fast Food": 312}","","",""
"32735","DC","","","","INTERCONTINENTAL ST PAU","312","893.6","INTERCONTINENTAL ST PAU  SAINT PAUL   MN","-245.9","INTERCONTINENTAL ST PAU  SAINT PAUL   MN","{"Hotel": 312}","","",""
"25149","DC","","","","HOLIDAY INN & SUITES","312","731.6","HOLIDAY INN & SUITES     FULLERTON    CA","-588.5","HOLIDAY INN & SUITES     MILPITAS     CA","{"Hotel": 312}","","",""
"34447","DC","","","","FULL CRYSTAL","312","189.6","FULL CRYSTAL             877-778-6591 NY","-54.9","FULL CRYSTAL             877-778-6591 NY","{"Shopping": 312}","","",""
"32753","DC","","","","EA INC","312","131.6","PAYPAL *EA INC           4029357733   CA","-10.6","PAYPAL *EA INC           402-935-7733 CA","{"Entertainment": 312}","{"PAYPAL": 312}","",""
"32696","DC","","","","DMMSOLU","312","399","DMMSOLU*AMOLATINA.COM    8002334087   NY","-9.9","DMMSOLU*DATING.COM       8889809770   NY","{"Entertainment": 312}","","",""
"32756","DC","","","","COW BOYS","312","231.6","COW BOYS                 HUNTLEY      MT","7.2","COW BOYS                 HUNTLEY      MT","{"Restaurants": 312}","","",""
"32661","DC","","","","COVENANT MC CAFE","312","47.4","COVENANT MC CAFE         LUBBOCK      TX","0.9","COVENANT MC CAFE         LUBBOCK      TX","{"Restaurants": 312}","","",""
"32732","DC","","","","BOSS LIQUOR","312","132.7","BOSS LIQUOR              BRIGHTON     CO","2.7","BOSS LIQUOR              BRIGHTON     CO","{"Alcohol & Bars": 312}","","",""
"32743","DC","","","","BODE RETAIL","312","609.2","BODE RETAIL              7028252550   AZ","-103.9","BODE RETAIL              SCOTTSDALE   AZ","{"Groceries": 312}","","",""
"32700","DC","","","","ASHP","312","905","ASHP                     866-2790681  ND","-100","ASHP                     866-2790681  ND","{"Gifts & Donations": 312}","","",""
"32769","DC","","","","ARKHOLYWD / HARDROCK","312","54.9","ARKHOLYWD/HARDROCK       FORT LAUDERDAFL","2.5","ARKHOLYWD/HARDROCK       FORT LAUDERDAFL","{"Restaurants": 312}","","",""
"32926","DC","","","","ZOUWENJUAN","311","117.5","PAYPAL *ZOUWENJUAN       4029357733","-2.3","PAYPAL *ZOUWENJUAN       4029357733","{"Shopping": 311}","{"PAYPAL": 311}","",""
"32858","DC","","","","UCD HARRIS SCHOOL CAF","311","14.3","UCD HARRIS SCHOOL CAF;   CHICAGO      IL","1","UCD HARRIS SCHOOL CAF;   CHICAGO      IL","{"Fast Food": 311}","","",""
"32809","DC","","","","TUNEIN.COM","311","109.9","TUNEIN.COM               TUNEIN.COM   CA","-91.2","TUNEIN.COM               650-319-7100 CA","{"Electronics & Software": 311}","","",""
"32787","DC","","","","TIRC-EMERALD BAY BAR","311","61.5","TIRC-EMERALD BAY BAR     WELCH        MN","-32","TIRC-EMERALD BAY BAR     WELCH        MN","{"Restaurants": 311}","","",""
"33296","DC","","","","THE NIPPON CLUB, INC","311","774.4","THE NIPPON CLUB,INC      NEW YORK     NY","3.8","THE NIPPON CLUB,INC      NEW YORK     NY","{"Restaurants": 311}","","",""
"29266","DC","","","","SAMS RESTAURANT","311","215.9","SAMS RESTAURANT          FAIRFIELD    TX","1.5","SAMS RESTAURANT OF ARL   ARLINGTON HEIIL","{"Restaurants": 311}","","",""
"32820","DC","","","","ROUSE S","311","341.2","ROUSE S #60              ZACHARY      LA","1.6","ROUSE S #60              ZACHARY      LA","{"Groceries": 311}","","",""
"32814","DC","","","","P W WILLO","311","11.3","1782 P W WILLO18017822   EAST HARTFORDCT","1.1","1782 P W WILLO18017822   EAST HARTFORDCT","{"Fast Food": 311}","","",""
"47896","DC","","","","MUNSTER CITGO","311","100","MUNSTER CITGO            MUNSTER      IN","0.9","MUNSTER CITGO            MUNSTER      IN","{"Gas": 311}","","",""
"32869","DC","","","","MITLL APRETTO","311","12.1","MITLL APRETTO 60749298   LEXINGTON    MA","1.1","MITLL APRETTO 60749298   LEXINGTON    MA","{"Fast Food": 311}","","",""
"32897","DC","","","","MALONES","311","813.3","MALONES HAMBURG          LEXINGTON    KY","6.9","MALONES                  VANCOUVER    BC","{"Restaurants": 311}","","",""
"32786","DC","","","","KACHAVA","311","256.8","KACHAVA                  HTTPSWWW.KACHNV","-119.9","KACHAVA                  8556687574   NV","{"Groceries": 311}","{"PAYPAL": 29}","",""
"32855","DC","","","","IWC INTERNATIONAL","311","800","IWC INTERNATIONAL        307-2220026  CA","-12.2","IWC INTERNATIONAL        480-2461006  AZ","{"Shopping": 311}","","",""
"33040","DC","","","","GR CNYN MASWIK DEPOSIT","311","785.7","GR CNYN MASWIK DEPOSIT   8882972757   CO","-498.1","GR CNYN MASWIK DEPOSIT   8882972757   CO","{"Hotel": 311}","","",""
"32861","DC","","","","GCI MUSICIAN"S FRIEND","311","999","GCI*MUSICIAN"S FRIEND    800-776-5173 UT","-615.5","GCI*MUSICIAN"S FRIEND    800-776-5173 UT","{"Music": 311}","","",""
"33170","DC","","","","DUFRY STORE","311","540.5","DUFRY STORE 22           FT LAUDERDALEFL","3.7","DUFRY STORE 22           FT LAUDERDALEFL","{"Shopping": 311}","","",""
"32879","DC","","","","DOWJONES NEWS","311","255.7","D J*DOWJONES NEWS        800-568-7625 MA","-239.8","D J*DOWJONES NEWS        800-568-7625 MA","{"Shopping": 311}","","",""
"32831","DC","","","","DAIMARU DEPT . STORE TOKYO","311","965.4","DAIMARU DEPT.STORE TOKYO TOKYO","2.5","DAIMARU DEPT.STORE TOKYO TOKYO","{"Shopping": 311}","","",""
"32860","DC","","","","COUNTY DRUG INC","311","647.8","COUNTY DRUG INC          STURGIS      SD","0.9","COUNTY DRUG INC          STURGIS      SD","{"Pharmacy": 311}","","",""
"32799","DC","","","","BAR AND TAP","311","657.4","1919 BAR AND TAP         GREEN BAY    WI","5.5","1919 BAR AND TAP         GREEN BAY    WI","{"Restaurants": 311}","","",""
"32901","DC","","","","AMK LIFESPAN SIMPLE SPOON","311","34.3","AMK LIFESPAN SIMPLE SPOONPROVIDENCE   RI","-7.4","AMK LIFESPAN SIMPLE SPOONPROVIDENCE   RI","{"Restaurants": 311}","","",""
"34394","DC","","","","10 TH STREET STARFIRE","311","83","10TH STREET STARFIRE     CAMBRIDGE    OH","2","10TH STREET STARFIRE     CAMBRIDGE    OH","{"Gas": 311}","","",""
"32880","DC","","","","50013-11 & JACKSON FRE","311","20","50013 - 11 & JACKSON (FREOMAHA        NE","7.5","50013 - 11 & JACKSON (FREOMAHA        NE","{"Parking": 311}","","",""
"33100","DC","","","","TONNEAUCOVERSWORLD","310","999.5","TONNEAUCOVERSWORLD       8772165446   FL","-640.9","TONNEAUCOVERSWORLD       OCALA        FL","{"Auto & Transport": 310}","","",""
"32950","DC","","","","TAXI-NEWARK.COM","310","205.5","TAXI-NEWARK.COM          844-808-2944 NY","18","TAXI-NEWARK.COM          844-808-2944 NY","{"Rental Car & Taxi": 310}","","",""
"32935","DC","","","","ST ELIZABETH CAFETERIA","310","26","ST ELIZABETH CAFETERIA   LINCOLN      NE","0.1","ST ELIZABETH CAFETERIA   LINCOLN      NE","{"Fast Food": 310}","","",""
"32969","DC","","","","SMARTBEAR IRELAND LIMI","310","962.7","SMARTBEAR IRELAND LIMI   CLARE","0","SMARTBEAR IRELAND LIMI   CLARE","{"Internet": 310}","","",""
"40339","DC","","","","SHEPLERSINC","310","663.6","PAYPAL *SHEPLERSINC      402-935-7733 KS","-441.4","PAYPAL *SHEPLERSINC      402-935-7733 KS","{"Clothing": 310}","{"PAYPAL": 297, "PAYPAL EBAY": 13}","",""
"50096","DC","","","","ROADSIDE 66","310","659.5","ROADSIDE 66              PLANKINTON   SD","1.4","ROADSIDE 66              CRYSTAL      ND","{"Gas": 310}","","",""
"33071","DC","","","","PUREFORMULA","310","431.7","PAYPAL *PUREFORMULA      402-935-7733 FL","-336.5","PAYPAL *PUREFORMULA      402-935-7733 FL","{"Groceries": 310}","{"PAYPAL": 310}","",""
"60792","DC","","","","OASIS GAMES","310","106.9","GOOGLE *OASIS GAMES      g.co/helppay#CA","0.9","PAYPAL *OASIS GAMES      4029357733   CA","{"Entertainment": 310}","{"PAYPAL": 48, "GOOGLE": 262}","",""
"41268","DC","","","","NORTH DODGE SINCLAIR","310","75","NORTH DODGE SINCLAIR     IOWA CITY    IA","1.2","NORTH DODGE SINCLAIR     IOWA CITY    IA","{"Gas": 310}","","",""
"47122","DC","","","","neowizgames","310","96.7","GOOGLE *neowizgames      g.co/helppay#CA","0.9","GOOGLE *neowizgames      g.co/helppay#CA","{"Electronics & Software": 310}","{"GOOGLE": 310}","",""
"43305","DC","","","","MOBIL","310","354","MOBIL                    MEADOW LAKE  SK","0.8","MOBIL                    CALGARY      AB","{"Gas": 310}","{"SQ SQ": 1, "POWDER DRIVE": 1, "SQUARE SQ": 3}","",""
"32916","DC","","","","MJ ONE BOUTIQUE","310","353.9","MJ ONE BOUTIQUE          LAS VEGAS    NV","-70.3","MJ ONE BOUTIQUE          LAS VEGAS    NV","{"Entertainment": 310}","","",""
"32993","DC","","","","MINNESOTA ENERGY","310","753.5","FSI*MINNESOTA ENERGY     800-889-9508 WI","5.2","FSI*MINNESOTA ENERGY     800-889-9508 WI","{"Utilities": 310}","{"FSI": 310}","",""
"32940","DC","","","","MAMA GS","310","76.4","MAMA GS                  MAPLE GROVE  MN","3.5","MAMA GS                  MAPLE GROVE  MN","{"Restaurants": 310}","","",""
"33084","DC","","","","JPMC CHICAGO CAFE","310","23.7","JPMC CHICAGO CAFE        312-732-1452 IL","1.9","JPMC CHICAGO CAFE        312-732-1452 IL","{"Fast Food": 310}","","",""
"55930","DC","","","","JOHNSON LN GEN STORE","310","81","JOHNSON LN GEN STORE     MINDEN       NV","0.9","JOHNSON LN GEN STORE     MINDEN       NV","{"Gas": 310}","","",""
"36677","DC","","","","HTFD PARKING-METERS","310","25","HTFD PARKING-METERS      HTTP://WWW.HACT","0.9","HTFD PARKING-METERS      HTTP://WWW.HACT","{"Legal": 310}","","",""
"31699","DC","","","","HOTELSCOM posorn","310","952.1","HOTELSCOM{posorn}        HOTELS.COM   WA","-893.5","HOTELSCOM{posorn}        HOTELS.COM   WA","{"Travel": 310}","","",""
"32968","DC","","","","HK DOUBLE DIAMOND","310","50","HK DOUBLE DIAMOND        HINCKLEY     MN","0.7","HK DOUBLE DIAMOND        HINCKLEY     MN","{"Restaurants": 310}","","",""
"32930","DC","","","","HELENA PIZZA RANCH","310","150.8","HELENA PIZZA RANCH       HELENA       MT","1.2","HELENA PIZZA RANCH       HELENA       MT","{"Restaurants": 310}","","",""
"32910","DC","","","","HAPPYLEMONCA","310","37.8","HAPPYLEMONCA_24          SAN LEANDRO  CA","3.7","HAPPYLEMONCA_27          SAN JOSE     CA","{"Fast Food": 310}","","",""
"33001","DC","","","","DIVE BOMB INDUSTRIES","310","980","DIVE BOMB INDUSTRIES     314-3227486  MO","25","DIVE BOMB INDUSTRIES     314-3227486  MO","{"Sporting Goods": 310}","","",""
"32944","DC","","","","CUNNINGHA","310","497","877-484-4367 CUNNINGHA   8774844367   OH","-297","877-484-4367 CUNNINGHA   877-484-4367 OH","{"Electronics & Software": 310}","","",""
"32989","DC","","","","CONCEALEDONLINECOM","310","65","CONCEALEDONLINECOM       877-5166519  CA","-65","CONCEALEDONLINECOM       877-5166519  CA","{"Education": 310}","","",""
"32958","DC","","","","COFFEE AM","310","220.4","COFFEE AM                822-803-7774 GA","-60.9","COFFEE AM                8228037774   GA","{"Groceries": 310}","","",""
"45231","DC","","","","CITY OF CF","310","802.9","CITY OF CF-UB WEB        330-971-8230 OH","-387.5","CITY OF CF- NATATORIUM   CUYAHOGA FALLOH","{"Entertainment": 310}","{"COM DEV": 1, "UB WEB": 58}","",""
"32990","DC","","","","CHAVONNEFRE","310","206.1","PAYPAL *CHAVONNEFRE      4029357733   CA","3.3","PAYPAL *CHAVONNEFRE      4029357733   CA","{"Business Services": 310}","{"PAYPAL": 310}","",""
"32905","DC","","","","CECILS DELI","310","150.8","CECILS DELI              SAINT PAUL   MN","2.5","CECILS DELI              SAINT PAUL   MN","{"Restaurants": 310}","","",""
"32992","DC","","","","CAB STORE NEWARK","310","924.9","CAB STORE NEWARK, DE     NEWARK       DE","-180","CAB STORE NEWARK, DE     NEWARK       DE","{"Sporting Goods": 310}","","",""
"33031","DC","","","","WHITE HOUSE SUB SHOP","309","112.7","WHITE HOUSE SUB SHOP     ATLANTIC CITYNJ","2.6","WHITE HOUSE SUB SHOP     ATLANTIC CITYNJ","{"Restaurants": 309}","","",""
"33018","DC","","","","TME TASTEHOM","309","42.8","TME*5S904R*TASTEHOM      855-449-8747 NY","-36","TME*HXJ29K*TASTEHOM      855-449-8747 NY","{"Shopping": 309}","{"PS": 1}","",""
"31951","DC","","","","TME CarDrivr","309","40.7","TME*28P4JR*CarDrivr      855-449-8747 NY","-39.7","TME*NNR09S*CarDrivr      855-427-1652 NY","{"Shopping": 309}","","",""
"33030","DC","","","","TACAMPLIFIER","309","186.9","EMS*TACAMPLIFIER         844-475-3594 CT","-146.9","EMS*TACAMPLIFIER         844-475-3594 CT","{"Shopping": 309}","","",""
"33061","DC","","","","ST A-GRT PL REHAB SVCS","309","849","ST A-GRT PL REHAB SVCS   BISMARCK     ND","-331.7","ST A-GRT PL REHAB SVCS   BISMARCK     ND","{"Doctor": 309}","","",""
"33074","DC","","","","SE IMAX PLANETARIUM","309","79","SE IMAX PLANETARIUM      WASHINGTON   DC","-16.5","SE IMAX PLANETARIUM      WASHINGTON   DC","{"Shopping": 309}","","",""
"33036","DC","","","","PESI","309","599.9","PESI                     800-8448260  WI","-299.9","PESI                     800-8448260  WI","{"Education": 309}","","",""
"33376","DC","","","","MSG MERCH STORE","309","330","MSG MERCH STORE          NEW YORK     NY","-6","MSG MERCH STORE          NEW YORK     NY","{"Shopping": 309}","","",""
"33057","DC","","","","MILK STAND","309","43","MILK STAND               ANAHEIM      CA","4.3","MILK STAND               ANAHEIM      CA","{"Fast Food": 309}","","",""
"33058","DC","","","","LTFITNESS PRODUCT","309","368.7","LTFITNESS PRODUCT/SVCS   888-284-0048 MN","2.3","LTFITNESS PRODUCT/SVCS   888-284-0048 MN","{"Entertainment": 309}","{"SVCS": 304}","",""
"32290","DC","","","","Lovisa America LLC","309","163.2","Lovisa America LLC       Dover        DE","-60.4","Lovisa America LLC       Dover        DE","{"Clothing": 309}","","",""
"33012","DC","","","","JR EAST HOTELS","309","995.9","JR EAST HOTELS           TOUKIYOUTO   JPN","-159","JR EAST HOTELS           SIBUYAKU","{"Hotel": 309}","","",""
"33077","DC","","","","GOLF 18 NETWORK","309","398.7","GOLF 18 NETWORK          CHICAGO      IL","-128.1","GOLF 18 NETWORK          800-994-0661 IL","{"Entertainment": 309}","","",""
"33099","DC","","","","DEESDRIVEIN","309","81.1","DEESDRIVEIN              BARNESVILLE  MN","2.1","DEESDRIVEIN              BARNESVILLE  MN","{"Restaurants": 309}","","",""
"33016","DC","","","","DAVID S FOODS","309","178.4","DAVID  S FOODS           LAKE MILLS   IA","1.5","DAVID  S FOODS           LAKE MILLS   IA","{"Fast Food": 309}","","",""
"33027","DC","","","","Dales Jr Market","309","247.3","Dales Jr Market          Playa Del ReyCA","1.7","Dales Jr Market          Playa Del ReyCA","{"Alcohol & Bars": 309}","","",""
"32553","DC","","","","CS Grubhub","309","500","CS Grubhub Gift Card     877-850-1977 ME","-250","CS Grubhub Gift Card     877-850-1977 ME","{"Uncategorized": 309}","{"Gift Card": 309}","",""
"33586","DC","","","","CRYSTALS-STARBUCKS","309","67.8","CRYSTALS -  STARBUCKS    LAS VEGAS    NV","1.5","CRYSTALS -  STARBUCKS    LAS VEGAS    NV","{"Fast Food": 309}","","",""
"33049","DC","","","","CMXWWW.COMIXOLOGY.COM","309","123.7","CMXWWW.COMIXOLOGY.COM    212-564-0405 NY","-0.4","CMXWWW.COMIXOLOGY.COM    212-564-0405 NY","{"Shopping": 309}","","",""
"33511","DC","","","","CFR DISC CLUB","309","14.9","CFR DISC CLUB            https://www.cTN","9.9","CFR DISC CLUB            https://www.cTN","{"Music": 309}","","",""
"33205","DC","","","","CANVASPEOPL","309","337.3","PAYPAL *CANVASPEOPL      402-935-7733 CA","-74.8","PAYPAL *CANVASPEOPL      855-637-2253 CA","{"Printing": 309}","{"PAYPAL": 309}","",""
"33035","DC","","","","BOBS RESORT","309","196.2","BOBS RESORT              GETTYSBURG   SD","1.6","BOBS RESORT              GETTYSBURG   SD","{"Gas": 309}","","",""
"27386","DC","","","","Alliance for Advanced","309","265.8","PSV*Alliance for Advanced800-7904376  MD","-249","PSV*Alliance for Advanced800-7904376  MD","{"Shopping": 309}","","",""
"33079","DC","","","","2 COCOM TFC","309","129.9","2COCOM*TFC ONLINE        8882471614   GA","1.4","2COCOM*TFC ONLINE        8882471614   GA","{"Shopping": 309}","{"ONLINE": 309}","",""
"33149","DC","","","","YODOBASHI","308","615.4","YODOBASHI CAMERA WEB     TOKYO","-140.9","YODOBASHI CAMERA WEB     TOKYO        JPN","{"Shopping": 308}","{"CAMERA WEB": 308}","",""
"33461","DC","","","","WORLD BEAN","308","61.8","WORLD BEAN               8665083558   MN","1.3","WORLD BEAN               8665083558   MN","{"Restaurants": 308}","","",""
"33226","DC","","","","TPA STREET PARKING","308","12.3","TPA STREET PARKING       8132748179   FL","0.1","TPA STREET PARKING 2     TAMPA        FL","{"Parking": 308}","","",""
"33142","DC","","","","TOPGOLF CSTR EGIFTCARD","308","400","TOPGOLF CSTR EGIFTCARD   877-850-1977 ME","-50","TOPGOLF CSTR EGIFTCARD   877-850-1977 ME","{"Uncategorized": 308}","","",""
"33645","DC","","","","THE STAMPS OF LIFE","308","397.6","THE STAMPS OF LIFE       949-8312230  CA","-397.6","THE STAMPS OF LIFE       949-8312230  CA","{"Shopping": 308}","","",""
"47576","DC","","","","MS PAIA","308","73.8","MS PAIA                  PAIA         HI","0.5","MS PAIA                  PAIA         HI","{"Gas": 308}","","",""
"57350","DC","","","","MR","308","981","MR PORTER.COM            877-535-3677 NJ","-934.5","MR PORTER.COM            877-535-3677 NJ","{"Clothing": 308}","{"PP": 4, "PAYPAL": 46, "TIDY SALES": 7, "SQ SQ": 4, "IBNOULMOUJAHID ABDES": 1, "NICE GUY": 1, "PAYPAL EBAY": 11, "SP": 1, "SQ": 11, "DOORDASH": 2}","",""
"33179","DC","","","","MODERNIMAGE","308","145","PP*MODERNIMAGE           GRETNA       NE","-26.7","PAYPAL *MODERNIMAGE      402-935-7733 NE","{"Sporting Goods": 308}","{"PP": 174, "PAYPAL": 134}","",""
"33168","DC","","","","MMS UMSMEDCTR","308","17","MMS UMSMEDCTR 00359950   JACKSON      MS","0","MMS UMSMEDCTR 00359950   JACKSON      MS","{"Restaurants": 308}","","",""
"33208","DC","","","","MARU LIMO","308","762","MARU LIMO                212-2392020  NY","-285.6","MARU LIMO                212-2392020  NY","{"Rental Car & Taxi": 308}","","",""
"26405","DC","","","","liweiguo","308","107.1","GOOGLE *liweiguo         g.co/helppay#CA","0.8","GOOGLE *liweiguo         g.co/helppay#CA","{"Entertainment": 308}","{"GOOGLE": 308}","",""
"33180","DC","","","","LEESFAMOUSRECIPE","308","66.8","LEESFAMOUSRECIPE         BARDSTOWN    KY","2","LEESFAMOUSRECIPE         OWENSBORO    KY","{"Restaurants": 308}","","",""
"32606","DC","","","","KING","308","108.6","GOOGLE*KING GOOGLE PAYMEN G.CO HELPPAY","0.9","GOOGLE*KING GOOGLE PAYMEN G.CO HELPPAY","{"Entertainment": 308}","{"GOOGLE PAYMEN": 308}","",""
"33162","DC","","","","KAIYUH SERVICES LLC","308","28.9","KAIYUH SERVICES LLC      DURHAM       NC","0.5","KAIYUH SERVICES LLC      DURHAM       NC","{"Fast Food": 308}","","",""
"33117","DC","","","","JETPENS.COM","308","501.2","JETPENS.COM              415-376-6755 CA","-50","JETPENS.COM              4153766755   CA","{"Shopping": 308}","{"BT": 12}","",""
"33319","DC","","","","HICV OR LAKE FD TSW","308","975.3","HICV OR LAKE FD TSW      KISSIMMEE    FL","-446.3","HICV OR LAKE FD TSW      KISSIMMEE    FL","{"Hotel": 308}","","",""
"36717","DC","","","","GUINNESS STOREHOUSE","308","223.7","GUINNESS STOREHOUSE      DUBLIN","4.4","GUINNESS STOREHOUSE      DUBLIN","{"Restaurants": 308}","","",""
"33233","DC","","","","GREAT WOLF SANDUSKY","308","846.9","GREAT WOLF SANDUSKY      SANDUSKY     OH","-272.9","GREAT WOLF SANDUSKY      SANDUSKY     OH","{"Hotel": 308}","","",""
"33140","DC","","","","GLENDALE BRAND","308","3","GLENDALE BRAND           GLENDALE     CA","0.2","GLENDALE BRAND           GLENDALE     CA","{"Uncategorized": 308}","","",""
"33192","DC","","","","DENTON VEHREG","308","523.2","DENTON VEHREG            EGOV.COM     TX","6.7","DENTON VEHREG            EGOV.COM     TX","{"Uncategorized": 308}","","",""
"33267","DC","","","","CUDDLEDOWN VIP","308","16.3","PGI*CUDDLEDOWN VIP       888-616-3808 MA","-16.3","PGI*CUDDLEDOWN VIP       888-616-3808 MA","{"Shopping": 308}","{"PGI": 308}","",""
"33535","DC","","","","COMM HLTH NTWK EPIC POS","308","978.3","COMM HLTH NTWK EPIC POS  INDIANAPOLIS IN","-275","COMM HLTH NTWK EPIC POS  INDIANAPOLIS IN","{"Doctor": 308}","","",""
"33195","DC","","","","COKE CORNER","308","72","COKE CORNER - DL         ANAHEIM      CA","-8.6","COKE CORNER - DL         ANAHEIM      CA","{"Fast Food": 308}","","",""
"33183","DC","","","","CENTRALDISPATCH.COM","308","264.9","CENTRALDISPATCH.COM      858-259-6084 NY","9.9","CENTRALDISPATCH.COM      858-259-6084 NY","{"Travel": 308}","","",""
"33274","DC","","","","CALICO COFFEE CO","308","54.9","SQ *CALICO COFFEE CO.    Kearney      NE","-2.7","SQ *CALICO COFFEE CO.    Kearney      NE","{"Fast Food": 308}","{"SQ": 303}","",""
"33145","DC","","","","CA"S GREAT AMERICA","308","609.7","CA"S GREAT AMERICA ONLINE408-988-1776 CA","-32.9","CA"S GREAT AMERICA ONLINESANTA CLARA  CA","{"Entertainment": 308}","{"ONLINE": 308}","",""
"33121","DC","","","","BKSMYSTERY GUILD","308","74.9","BKSMYSTERY GUILD         716-250-5700 NY","-20.1","BKSMYSTERY GUILD         8552031744   NY","{"Shopping": 308}","","",""
"33245","DC","","","","ZAUG WASH","307","26","ZAUG WASH                RAPID CITY   SD","5","ZAUG WASH                RAPID CITY   SD","{"Service & Parts": 307}","","",""
"42805","DC","","","","W . CHESTERFIELD IRVING","307","184.7","W. CHESTERFIELD IRVING   CHESTERFIELD NH","2.1","W. CHESTERFIELD IRVING   CHESTERFIELD NH","{"Gas": 307}","","",""
"54709","DC","","","","VILLIAGE FAST","307","267.6","VILLIAGE FAST 00136416   MT AUBURN    IL","3.2","VILLIAGE FAST 00136416   MT AUBURN    IL","{"Gas": 307}","","",""
"33305","DC","","","","VALESKIS","307","108.4","VALESKIS 4TH STREET      INDIANA      PA","0.9","VALESKIS 4TH STREET      INDIANA      PA","{"Groceries": 307}","","",""
"33297","DC","","","","Tax Pmnt Conven Fee","307","77.5","Tax Pmnt Conven Fee      WHITINSVILLE MA","2.5","Tax Pmnt Conven Fee      WHITINSVILLE MA","{"Taxes": 307}","","",""
"34507","DC","","","","SOUTH BEACH CASINO","307","430.5","SOUTH BEACH CASINO - F   SCANTERBURY  MB","4.1","SOUTH BEACH CASINO - F   SCANTERBURY  MB","{"Hotel": 307}","","",""
"33246","DC","","","","QUAYUSA","307","520.3","SP * QUAYUSA             4158512295   CA","-381.2","SP * QUAYUSA             4158512295   CA","{"Clothing": 307}","{"SP": 307}","",""
"33558","DC","","","","NSHORHOSP AUBONPAIN","307","72","NSHORHOSP AUBONPAIN248   MANHASSET    NY","1.5","NSHORHOSP AUBONPAIN248   MANHASSET    NY","{"Shopping": 307}","","",""
"53173","DC","","","","MISSION NUTRITI","307","148.8","SQ *MISSION NUTRITI      SIOUX FALLS  SD","2.1","SQ *MISSION NUTRITI      SIOUX FALLS  SD","{"Doctor": 307}","{"SQ": 307}","",""
"33282","DC","","","","MILLERS PRO IMAGING","307","510.2","MILLERS*PRO IMAGING      800-835-0603 KS","9.5","MILLERS PRO IMAGING      800-835-0603 KS","{"Business Services": 307}","","",""
"33280","DC","","","","LEO S ELITE BAKERY","307","566.5","LEO`S ELITE BAKERY       EAST ROCHESTENY","-20.5","LEO`S ELITE BAKERY       585-2491007  NY","{"Groceries": 307}","","",""
"33216","DC","","","","KCS DOCKSIDE BAR AND GRIL","307","400","KCS DOCKSIDE BAR AND GRILBOTTINEAU    ND","5","KCS DOCKSIDE BAR AND GRILBOTTINEAU    ND","{"Restaurants": 307}","","",""
"61383","DC","","","","JJ HOOLIGANS","307","175","JJ HOOLIGANS             LINCOLN      NE","3.5","JJ HOOLIGANS             LINCOLN      NE","{"Alcohol & Bars": 307}","","",""
"33239","DC","","","","JAIMES RESTAURANT","307","151","JAIMES RESTAURANT        DENVER       CO","7.2","JAIMES RESTAURANT        DENVER       CO","{"Restaurants": 307}","","",""
"20000","DC","","","","GRAND FALLS BIGDROP CAFE","307","375.2","GRAND FALLS BIGDROP CAFE LARCHWOOD    IA","1.6","GRAND FALLS BIGDROP CAFE LARCHWOOD    IA","{"Restaurants": 307}","","",""
"34787","DC","","","","Farm Heroes Sa","307","59.9","GOOGLE *Farm Heroes Sa   g.co/helppay#CA","0.9","GOOGLE *Farm Heroes Sa   g.co/helppay#CA","{"Electronics & Software": 307}","{"GOOGLE": 307}","",""
"37064","DC","","","","ELITESINGLES.com","307","269.7","ELITESINGLES.com         800-9426026  DE","-269.7","ELITESINGLES.com         LLC          DE","{"Entertainment": 307}","","",""
"33306","DC","","","","DELI PIONEER WOMAN","307","673.6","DELI PIONEER WOMAN       Pawhuska     OK","-14.1","DELI PIONEER WOMAN       Pawhuska     OK","{"Restaurants": 307}","","",""
"33240","DC","","","","CUZN"S CORNER","307","231.1","CUZN"S CORNER            BONESTEEL    SD","4.2","CUZN"S CORNER            BONESTEEL    SD","{"Gas": 307}","","",""
"63134","DC","","","","CULTUREMAPST","307","416.7","CULTUREMAPST2570         HOUSTON      TX","-43.2","CULTUREMAPST2571         HOUSTON      TX","{"Clothing": 307}","","",""
"33264","DC","","","","CHCO POS CAFETERIA","307","49.1","CHCO POS CAFETERIA NP    AURORA       CO","0.7","CHCO POS CAFETERIA NP    AURORA       CO","{"Restaurants": 307}","","",""
"33258","DC","","","","CARROLL THEATREVIDEO WARE","307","64","CARROLL THEATREVIDEO WARECARROLL      IA","1","CARROLL THEATREVIDEO WARECARROLL      IA","{"Movies & DVDs": 307}","","",""
"39608","DC","","","","BCO MART","307","219","9901 BCO MART            MARTINSBURG  PA","1.5","9901 BCO MART            MARTINSBURG  PA","{"Gas": 307}","","",""
"33261","DC","","","","B & F SUPER FOODS","307","203","B & F SUPER FOODS        NEDERLAND    CO","1.4","B & F SUPER FOODS  S     NEDERLAND    CO","{"Groceries": 307}","","",""
"33234","DC","","","","- 55 EAST MONROE","307","375","72403 - 55 EAST MONROE   CHICAGO      IL","9","72403 - 55 EAST MONROE   CHICAGO      IL","{"Parking": 307}","","",""
"33360","DC","","","","VILLAGER OF STORM LAKE","306","134.6","VILLAGER OF STORM LAKE   STORM LAKE   IA","2.2","VILLAGER OF STORM LAKE   STORM LAKE   IA","{"Restaurants": 306}","","",""
"33422","DC","","","","TOMMY JACKS","306","138","TOMMY JACKS 605 367 9706 SIOUX FALLS  SD","3.7","TOMMY JACKS 605-36       SIOUX FALLS  SD","{"Restaurants": 306}","","",""
"32899","DC","","","","TME OutdrLif","306","36.3","TME*48KH4P*OutdrLif      855-427-1653 NY","-27.2","TME*48KH4P*OutdrLif      855-427-1653 NY","{"Shopping": 306}","","",""
"33400","DC","","","","T 2 CIBO EXPRESS","306","106","T2 CIBO EXPRESS 69       QUEENS       NY","-27.8","T2 CIBO EXPRESS FH       QUEENS       NY","{"Groceries": 306}","","",""
"33353","DC","","","","STEVE DEYOUNG","306","299.2","STEVE DEYOUNG            WYOMING      MI","0.9","STEVE DEYOUNG            WYOMING      MI","{"Groceries": 306}","","",""
"33367","DC","","","","SAMS TOWN HOTEL","306","849.7","SAMS TOWN HOTEL LASVEG   LAS VEGAS    NV","-345","SAMS TOWN HOTEL LASVEG   7024567777   NV","{"Hotel": 306}","","",""
"47293","DC","","","","RESERVATIONCOUNTER.COM","306","982.2","RESERVATIONCOUNTER.COM   844-2802268  UT","-966.6","RESERVATIONCOUNTER.COM   844-2802268  UT","{"Travel": 306}","{"RE": 5}","",""
"68527","DC","","","","RE SMITH OIL & TIRE COIN","306","587.3","RE SMITH OIL&TIRE COIN   NORWOOD      MN","2.1","RE SMITH OIL&TIRE COIN   NORWOOD      MN","{"Gas": 306}","","",""
"33355","DC","","","","QVC CSHSTR GFTCRD","306","500","QVC CSHSTR GFTCRD        877-850-1977 ME","-50","QVC CSHSTR GFTCRD        877-850-1977 ME","{"Uncategorized": 306}","","",""
"33352","DC","","","","PURE COLLECTION CC","306","835.2","PURE COLLECTION CC1 MO   HARROGATE","-744.2","PURE COLLECTION CC1 MO   HARROGATE","{"Clothing": 306}","","",""
"33406","DC","","","","PUBLICSURPLUS","306","979.9","PUBLICSURPLUS            801-932-7000 UT","-142.5","PUBLICSURPLUS            801-932-7000 UT","{"Shopping": 306}","","",""
"33396","DC","","","","PIZZA POINT","306","69.1","PIZZA POINT              LAS VEGAS    NV","1.5","PIZZA POINT              LAS VEGAS    NV","{"Alcohol & Bars": 306}","","",""
"33419","DC","","","","OHV BOAT SNOW COPARKIVRS","306","291","OHV BOAT SNOW COPARKIVRS 303-791-1920 CO","25.2","OHV BOAT SNOW COPARKIVRS 303-791-1920 CO","{"Uncategorized": 306}","","",""
"33420","DC","","","","NUTSDOTCOM","306","365.7","PAYPAL *NUTSDOTCOM       4029357733   NJ","-17.9","PAYPAL *NUTSDOTCOM       8005586887   NJ","{"Groceries": 306}","{"PAYPAL": 306}","",""
"32401","DC","","","","MUDDY PAWS","306","280","SQ *MUDDY PAWS           West Fargo   ND","8.9","SQ *MUDDY PAWS           West Fargo   ND","{"Business Services": 306}","{"SQ SQ": 2, "SQ": 300}","",""
"33431","DC","","","","MONUMENT VLY TRADE POS","306","485.5","MONUMENT VLY TRADE POS   MONUMENT VALLUT","-37.2","MONUMENT VLY TRADE POS   MONUMENT VALLUT","{"Shopping": 306}","","",""
"33310","DC","","","","MCO CAMDEN FOOD GATES","306","147.2","MCO CAMDEN FOOD GATES    ORLANDO      FL","3.1","MCO CAMDEN FOOD GATES    ORLANDO      FL","{"Restaurants": 306}","","",""
"33647","DC","","","","MAST STORE","306","339.1","MAST STORE GREENVILLE    GREENVILLE   SC","-74.1","MAST STORE GREENVILLE 000GREENVILLE   SC","{"Shopping": 306}","","",""
"33347","DC","","","","MASABI-LLC ACE","306","300","MASABI-LLC ACE-BUSTANG   800-900-3011 CO","5","MASABI-LLC ACE-BUSTANG   800-900-3011 CO","{"Travel": 306}","","",""
"52594","DC","","","","MARSHALL STOP","306","97.6","MARSHALL STOP            ST PAUL      MN","-1.9","MARSHALL STOP            ST PAUL      MN","{"Gas": 306}","","",""
"41290","DC","","","","MAJOR AUTO / TRUCK","306","475","MAJOR AUTO/TRUCK 2003    VINELAND     NJ","9.8","MAJOR AUTO/TRUCK 2001    ROSENHAYN    NJ","{"Gas": 306}","","",""
"34175","DC","","","","LUCIDCHART.COM/CHARGE","306","630","LUCIDCHART.COM/CHARGE    WWW.GOLUCID.CUT","-119.4","LUCIDCHART.COM/CHARGE    SOUTH JORDAN UT","{"Electronics & Software": 306}","","",""
"33315","DC","","","","HNFSWEST TYA","306","716","HNFSWEST TYA             8448669378   CA","-214","HNFSWEST TYA             RANCHOCORDOVACA","{"Financial": 306}","","",""
"33433","DC","","","","GMC FOOD SERVICE","306","29.8","GMC FOOD SERVICE   Q65   DANVILLE     PA","-5.5","GMC FOOD SERVICE   Q65   DANVILLE     PA","{"Fast Food": 306}","","",""
"33379","DC","","","","GENGISKHAN","306","52.4","GENGISKHAN               CALABASAS    CA","11.8","GENGISKHAN               CALABASAS    CA","{"Fast Food": 306}","","",""
"33426","DC","","","","GAS STATION LAIE","306","57.2","GAS STATION LAIE #47     LAIE         HI","1","GAS STATION LAIE #47     LAIE         HI","{"Groceries": 306}","","",""
"33408","DC","","","","FRANKLIN PLANNER","306","253.6","FRANKLIN PLANNER         800-654-1776 UT","-46","FRANKLIN PLANNER         800-654-1776 UT","{"Office Supplies": 306}","","",""
"33929","DC","","","","FLOWROUTE.COM","306","190","FLOWROUTE.COM            HTTPSWWW.FLOWWA","13.4","FLOWROUTE.COM            HTTPSWWW.FLOWWA","{"Home Phone": 306}","","",""
"33342","DC","","","","DISCOUNT DIVAS","306","222.5","DISCOUNT DIVAS           2566526584   AL","-26","DISCOUNT DIVAS           256-652-6584 AL","{"Electronics & Software": 306}","","",""
"22136","DC","","","","Copper Chef","306","235.1","TSP*Copper Chef          973-2875176  PA","-39.9","TSP*Copper Chef          973-2875176  PA","{"Shopping": 306}","{"TSP": 306}","",""
"38716","DC","","","","CHRISTIAN BROTHERS AUTOMO","306","987.5","CHRISTIAN BROTHERS AUTOMOOMAHA        NE","-34.2","CHRISTIAN BROTHERS AUTOMOBRENTWOOD    TN","{"Service & Parts": 306}","","",""
"33411","DC","","","","CHILDRENS HOPECHE","306","540","CHILDRENS HOPECHE        WWW.HOPECHESTCO","0","CHILDRENS HOPECHE        WWW.HOPECHESTCO","{"Gifts & Donations": 306}","{"BB": 37}","",""
